movie_id,averageRating,numVotes
tt0000001,5.8,1368
tt0000002,6.5,160
tt0000003,6.6,951
tt0000004,6.4,96
tt0000005,6.2,1649
tt0000006,5.6,84
tt0000007,5.5,554
tt0000008,5.6,1469
tt0000009,5.5,64
tt0000010,6.9,4926
tt0000011,5.4,199
tt0000012,7.4,8190
tt0000013,5.7,1255
tt0000014,7.2,3578
tt0000015,6.2,614
tt0000016,5.9,934
tt0000017,4.8,186
tt0000018,5.5,395
tt0000019,6.7,12
tt0000020,5,222
tt0000022,5.1,711
tt0000023,5.7,885
tt0000024,5.8,19
tt0000025,4.8,16
tt0000026,5.7,1097
tt0000027,5.6,740
tt0000028,5.2,677
tt0000029,5.9,2353
tt0000030,5.3,566
tt0000031,5.6,660
tt0000032,5.2,277
tt0000033,5.6,696
tt0000034,5.7,96
tt0000035,5.8,44
tt0000036,4.5,401
tt0000037,4.7,32
tt0000038,4.3,121
tt0000039,4.7,10
tt0000040,4.2,28
tt0000041,6.7,1143
tt0000042,4.7,15
tt0000043,4.4,7
tt0000044,4.7,19
tt0000045,4.8,12
tt0000046,4.5,13
tt0000047,3.7,10
tt0000048,5.5,90
tt0000049,6.1,17
tt0000050,4.5,10
tt0000051,4.1,8
tt0000052,4.4,32
tt0000053,2.8,5
tt0000054,5.8,13
tt0000055,4.3,10
tt0000056,3.5,6
tt0000057,4.8,9
tt0000058,4.4,10
tt0000059,3.9,7
tt0000060,8.1,55
tt0000061,4.3,9
tt0000062,6.5,130
tt0000063,3.8,6
tt0000064,3.7,7
tt0000065,4,7
tt0000066,4,7
tt0000067,6.2,32
tt0000068,4.3,7
tt0000069,4.8,258
tt0000070,6.4,1845
tt0000071,3.9,10
tt0000072,4.5,8
tt0000073,4.3,7
tt0000074,4.5,11
tt0000075,6.3,1139
tt0000076,4.5,364
tt0000077,5.2,12
tt0000078,4.2,32
tt0000079,4.6,12
tt0000080,4.4,9
tt0000081,4.4,9
tt0000082,5.6,17
tt0000083,5.2,12
tt0000084,4.8,9
tt0000085,5.2,12
tt0000086,4.4,10
tt0000087,5.2,13
tt0000088,5.2,10
tt0000089,6.4,664
tt0000090,4.3,9
tt0000091,6.7,2038
tt0000092,5.3,7
tt0000093,5.2,51
tt0000094,4.6,9
tt0000095,5.2,14
tt0000096,5.1,7
tt0000097,5.4,13
tt0000098,6.1,14
tt0000099,5.3,10
tt0000100,5.3,23
tt0000101,5.1,8
tt0000102,5.4,8
tt0000103,6.8,9
tt0000104,5.6,329
tt0000105,6.2,9
tt0000106,5.3,6
tt0000107,6.6,8
tt0000108,4.5,371
tt0000109,4.6,365
tt0000110,4.5,370
tt0000111,4.6,378
tt0000112,4.6,363
tt0000113,4.4,379
tt0000114,6.3,10
tt0000115,6.6,9
tt0000116,6.4,9
tt0000117,5.5,87
tt0000118,6.4,10
tt0000119,6.4,10
tt0000120,6.1,14
tt0000121,4.6,29
tt0000122,6.4,9
tt0000123,6,46
tt0000124,6.6,9
tt0000126,6.8,10
tt0000127,5,8
tt0000128,6.3,17
tt0000129,7.4,27
tt0000130,6.5,8
tt0000131,5.8,772
tt0000132,5.1,675
tt0000133,7.6,15
tt0000135,7.3,45
tt0000136,6.2,227
tt0000138,6.5,576
tt0000139,6.2,9
tt0000140,5.2,176
tt0000141,5.4,43
tt0000142,5.6,7
tt0000143,5,155
tt0000144,5.2,168
tt0000146,6.1,8
tt0000147,5.2,252
tt0000149,6,5
tt0000150,5.6,75
tt0000151,5.2,21
tt0000152,6.3,98
tt0000153,5.7,217
tt0000155,5.2,6
tt0000156,4.8,6
tt0000159,5.6,35
tt0000160,5.7,7
tt0000162,5.5,337
tt0000164,5.2,178
tt0000165,5.1,61
tt0000167,4.6,75
tt0000169,4.9,8
tt0000170,5.4,136
tt0000172,6.1,387
tt0000173,5.5,12
tt0000174,5.1,82
tt0000175,5.1,113
tt0000177,4.7,149
tt0000178,6.2,24
tt0000179,5.1,9
tt0000181,7.6,27
tt0000182,5,380
tt0000183,6.7,10
tt0000184,4.9,214
tt0000186,4.7,9
tt0000187,5.8,20
tt0000190,5.4,95
tt0000192,4.6,113
tt0000194,5.5,62
tt0000196,5.4,9
tt0000205,6.2,10
tt0000208,5.8,391
tt0000209,6,5
tt0000210,5.9,9
tt0000211,7.5,2454
tt0000213,4.6,144
tt0000214,4.9,39
tt0000215,4.5,77
tt0000218,5.9,378
tt0000219,7.4,21
tt0000222,4.6,140
tt0000223,6.4,8
tt0000225,5.7,15
tt0000228,5,159
tt0000229,4.7,55
tt0000230,6.5,1057
tt0000234,6.8,26
tt0000235,6.3,381
tt0000239,5.6,137
tt0000240,4.5,39
tt0000242,6.4,621
tt0000245,7.3,15
tt0000246,6.5,765
tt0000247,5,336
tt0000248,6,1015
tt0000251,5.6,56
tt0000253,4.4,7
tt0000256,4.7,110
tt0000261,6.2,32
tt0000264,5.8,266
tt0000265,4.5,82
tt0000269,5.3,80
tt0000271,7.8,5
tt0000272,5.6,526
tt0000273,5.4,368
tt0000274,5.7,144
tt0000276,8.1,7
tt0000277,6.3,39
tt0000283,6.4,11
tt0000284,5.4,133
tt0000286,5.8,133
tt0000287,5,110
tt0000288,5.4,125
tt0000292,5.5,50
tt0000296,6,176
tt0000299,5.5,128
tt0000300,7,849
tt0000301,4.4,226
tt0000302,5.1,95
tt0000304,6,785
tt0000306,5.6,131
tt0000307,4.8,52
tt0000308,6,24
tt0000309,6.1,577
tt0000310,7.8,12
tt0000313,5.9,547
tt0000319,6.1,70
tt0000321,4.8,144
tt0000328,7.6,5
tt0000335,6.2,32
tt0000337,5,279
tt0000340,5.1,186
tt0000341,5.1,247
tt0000346,5.1,143
tt0000347,4.4,71
tt0000349,6.1,73
tt0000350,5.9,495
tt0000352,7.4,9
tt0000353,5.3,236
tt0000355,6.2,451
tt0000357,6,251
tt0000358,6.2,467
tt0000359,7.2,1985
tt0000361,8.3,9
tt0000363,6.4,82
tt0000364,5.5,104
tt0000368,7.1,7
tt0000370,5.6,263
tt0000373,6.1,31
tt0000376,7.8,6
tt0000377,6.7,78
tt0000380,7.3,12
tt0000381,4.7,6
tt0000384,5.8,141
tt0000387,5.2,216
tt0000388,5.1,73
tt0000399,6.2,542
tt0000400,6.8,6
tt0000406,5.7,12
tt0000407,3.4,20
tt0000409,5.1,127
tt0000410,6.7,740
tt0000412,4,5
tt0000413,5.6,259
tt0000414,5.5,559
tt0000416,5.6,82
tt0000417,8.2,35393
tt0000420,6.3,2009
tt0000423,5.5,140
tt0000425,5.8,5
tt0000430,6,512
tt0000432,5.7,134
tt0000436,6.4,371
tt0000437,5.1,135
tt0000439,7.3,13924
tt0000440,5.4,141
tt0000442,4.5,38
tt0000447,6.4,1634
tt0000451,6.7,584
tt0000452,4.6,74
tt0000455,6.9,1438
tt0000456,4,31
tt0000459,4.5,44
tt0000464,4.8,288
tt0000465,7.3,858
tt0000469,5.8,722
tt0000471,5.2,330
tt0000472,6.8,9
tt0000479,5.3,275
tt0000480,5,121
tt0000487,7.1,299
tt0000488,7,567
tt0000491,3.5,34
tt0000492,4.9,52
tt0000495,6.1,70
tt0000496,6.3,27
tt0000497,5.4,20
tt0000498,6.7,835
tt0000499,7.7,2606
tt0000501,4.6,19
tt0000505,7.9,10
tt0000507,3.4,23
tt0000509,6.3,15
tt0000511,7.1,18
tt0000512,4.4,34
tt0000515,4.9,50
tt0000516,6.6,665
tt0000519,5.8,253
tt0000520,7.3,16
tt0000521,5.6,205
tt0000524,5.8,552
tt0000525,5.7,22
tt0000526,4,34
tt0000533,7.4,16
tt0000534,6.7,727
tt0000535,5,31
tt0000537,3.9,47
tt0000543,4.8,10
tt0000546,6.8,1413
tt0000550,3.8,5
tt0000552,5.7,21
tt0000553,6.6,157
tt0000554,6.2,872
tt0000555,4.9,9
tt0000557,4.7,77
tt0000561,5.3,20
tt0000565,6.4,353
tt0000567,6.9,704
tt0000570,4,28
tt0000571,6.8,41
tt0000574,6.3,447
tt0000575,6.1,302
tt0000576,6,172
tt0000578,6.8,9
tt0000582,5.2,508
tt0000583,5.6,19
tt0000584,4.8,38
tt0000597,5,36
tt0000598,5.1,20
tt0000599,3.8,6
tt0000601,5.8,6
tt0000602,4.9,132
tt0000609,4.1,8
tt0000610,5,10
tt0000613,3.7,6
tt0000614,6.6,622
tt0000615,5.1,12
tt0000617,4.1,14
tt0000621,6.5,447
tt0000627,5.8,13
tt0000628,5.7,542
tt0000629,5.7,24
tt0000630,2.9,8
tt0000632,5,23
tt0000637,5.6,446
tt0000638,5.1,27
tt0000639,4.9,31
tt0000640,4.4,55
tt0000641,5.2,80
tt0000642,5.5,17
tt0000644,5.5,15
tt0000645,5.3,71
tt0000648,4.6,72
tt0000651,5.1,20
tt0000653,4.5,123
tt0000654,5.5,23
tt0000658,6.6,114
tt0000659,5,23
tt0000660,5.9,13
tt0000661,7,7
tt0000662,4.6,11
tt0000663,5.6,11
tt0000665,5.8,11
tt0000666,5.6,19
tt0000668,6.9,17
tt0000669,4.7,88
tt0000671,5.8,8
tt0000672,6.4,9
tt0000674,4.5,20
tt0000675,4.7,7
tt0000676,4,6
tt0000679,6,24
tt0000680,5.9,10
tt0000681,5.3,7
tt0000682,6.9,1716
tt0000683,5.5,31
tt0000684,5.1,48
tt0000685,5.9,11
tt0000689,6.6,13
tt0000690,6.6,9
tt0000694,4.9,13
tt0000695,5.9,14
tt0000698,5.4,5
tt0000699,6.4,5
tt0000700,5.2,34
tt0000704,5,6
tt0000706,4.8,8
tt0000707,5.4,5
tt0000708,4.8,5
tt0000709,5.8,14
tt0000713,5.2,5
tt0000717,6,5
tt0000720,6.8,5
tt0000722,4.7,6
tt0000724,5.2,29
tt0000727,7.2,5
tt0000728,5.8,55
tt0000730,6.1,16
tt0000731,4.9,8
tt0000733,5.9,12
tt0000738,7.8,10
tt0000739,7.2,6
tt0000740,5.6,5
tt0000746,8.3,6
tt0000747,5.2,6
tt0000748,5.9,9
tt0000749,5.7,541
tt0000752,5.4,61
tt0000754,7.1,34
tt0000755,5.7,118
tt0000756,5.4,64
tt0000758,6,16
tt0000759,7.6,7
tt0000764,6.2,70
tt0000767,7.2,5
tt0000769,5.2,90
tt0000770,5.9,72
tt0000771,6.1,8
tt0000772,6.8,5
tt0000775,7.5,6
tt0000776,5.1,21
tt0000781,6.3,7
tt0000782,7.8,14
tt0000785,5.7,21
tt0000787,5.8,6
tt0000789,5.2,15
tt0000790,6.2,219
tt0000792,4.9,14
tt0000793,4.8,6
tt0000797,5.4,60
tt0000798,4.2,6
tt0000800,5.3,24
tt0000801,5.2,12
tt0000807,4.9,11
tt0000809,6.3,20
tt0000815,4.9,11
tt0000816,4.7,43
tt0000817,3.2,9
tt0000819,5.4,11
tt0000821,4.8,33
tt0000823,4.4,10
tt0000825,4.7,10
tt0000826,4.7,9
tt0000827,5.2,11
tt0000828,5.2,35
tt0000829,4.5,11
tt0000831,5.2,50
tt0000832,6.7,1763
tt0000833,6.5,406
tt0000835,5,63
tt0000836,4.7,27
tt0000837,5,8
tt0000840,5.6,204
tt0000841,5.7,10
tt0000843,5.8,8
tt0000844,7.4,7
tt0000845,4.9,9
tt0000847,5.9,8
tt0000848,5.7,12
tt0000851,5.3,9
tt0000852,5.7,102
tt0000853,5.7,7
tt0000854,6.1,280
tt0000855,5.7,7
tt0000857,5.2,6
tt0000858,5.2,6
tt0000860,5.3,10
tt0000861,5.3,10
tt0000862,5,7
tt0000864,6,10
tt0000866,6.6,5
tt0000870,5.3,11
tt0000871,5.6,37
tt0000873,5.8,6
tt0000874,5.1,8
tt0000875,4.7,7
tt0000877,5,26
tt0000878,4.8,93
tt0000880,6.2,26
tt0000882,5.9,112
tt0000884,3.5,6
tt0000886,5.3,14
tt0000887,4.4,16
tt0000890,7.2,12
tt0000891,5.4,15
tt0000892,5.7,28
tt0000893,7.2,10
tt0000895,5.7,99
tt0000897,7.2,8
tt0000898,5.4,5
tt0000904,5.4,71
tt0000908,6,6
tt0000910,5.3,6
tt0000911,3.2,6
tt0000912,4.5,23
tt0000916,6.5,37
tt0000921,6.4,5
tt0000922,5.8,50
tt0000924,6.2,98
tt0000928,5.5,54
tt0000929,5.5,29
tt0000930,4.6,5
tt0000932,3.2,5
tt0000933,5.1,16
tt0000935,5.9,33
tt0000936,7.5,22
tt0000938,4.3,111
tt0000939,4.7,6
tt0000941,5.4,5
tt0000942,6.1,619
tt0000944,3.8,5
tt0000945,4.7,31
tt0000946,4.8,28
tt0000950,3.6,8
tt0000957,6.9,25
tt0000960,4.7,180
tt0000961,8,11
tt0000964,5.2,5
tt0000966,5.9,260
tt0000969,5.9,11
tt0000970,5.6,39
tt0000971,6.2,94
tt0000972,5.4,20
tt0000974,5.3,11
tt0000976,4.4,7
tt0000979,4.9,10
tt0000981,6,8
tt0000986,5.2,69
tt0000987,7.8,6
tt0000988,4,6
tt0000990,6.3,30
tt0000992,5.2,6
tt0000995,7.6,5
tt0000997,7.2,5
tt0000998,5.2,8
tt0001000,6.2,6
tt0001001,5.7,45
tt0001002,4.8,55
tt0001008,5.2,9
tt0001009,6.6,740
tt0001013,6,245
tt0001014,4.9,61
tt0001015,4.3,7
tt0001016,5.8,57
tt0001028,4.5,6
tt0001029,5.1,16
tt0001032,6.1,574
tt0001033,5.4,5
tt0001035,5.3,13
tt0001036,2.8,6
tt0001037,3.4,11
tt0001038,3.8,9
tt0001041,6.6,5
tt0001044,5.7,46
tt0001049,4,6
tt0001050,5.5,35
tt0001054,6.6,9
tt0001058,4.3,6
tt0001061,6,10
tt0001062,6.2,865
tt0001064,5.7,6
tt0001066,3.8,5
tt0001072,5.6,179
tt0001074,6.1,9
tt0001076,5.6,9
tt0001078,6.7,6
tt0001083,5.5,57
tt0001084,5.1,109
tt0001088,5.2,25
tt0001089,7.9,17
tt0001091,5.4,121
tt0001098,7,5
tt0001101,4.4,11
tt0001103,5.6,12
tt0001104,5,12
tt0001105,6.6,612
tt0001106,6.2,32
tt0001107,5.4,15
tt0001111,4.4,9
tt0001112,3,10
tt0001113,5.8,5
tt0001115,4.6,8
tt0001116,4.9,7
tt0001117,5.9,7
tt0001118,5.5,105
tt0001120,5.5,129
tt0001121,4.9,12
tt0001122,6,6
tt0001129,5.3,12
tt0001135,4.9,18
tt0001143,5,11
tt0001144,5,10
tt0001145,5.8,5
tt0001150,5.5,36
tt0001151,4.5,11
tt0001152,4.4,11
tt0001153,4.3,9
tt0001156,4.8,8
tt0001159,5.8,5
tt0001161,4.9,9
tt0001165,5,6
tt0001175,6.1,19
tt0001176,4.7,7
tt0001185,7.2,15
tt0001186,5.2,36
tt0001187,4.9,7
tt0001190,6.6,8
tt0001195,4.6,5
tt0001200,4.8,13
tt0001202,5.2,6
tt0001206,6.6,9
tt0001207,5.7,67
tt0001211,5.4,24
tt0001216,5.1,7
tt0001217,6,29
tt0001218,5.4,54
tt0001223,6.5,2872
tt0001227,5.7,148
tt0001230,5,5
tt0001234,5.8,11
tt0001236,5,10
tt0001237,4.5,19
tt0001240,3.8,10
tt0001241,5,7
tt0001242,5.6,8
tt0001245,5.4,23
tt0001256,6,379
tt0001258,5.6,52
tt0001262,5,5
tt0001264,7.2,35
tt0001265,6.5,386
tt0001277,5.3,7
tt0001280,4.7,13
tt0001282,6.7,14
tt0001283,7.2,6
tt0001284,5.1,13
tt0001285,5.4,25
tt0001292,5,21
tt0001294,7.2,5
tt0001299,2.9,7
tt0001303,6.8,6
tt0001307,6.4,5
tt0001314,5.9,123
tt0001315,6.8,8
tt0001321,5.3,15
tt0001326,5.7,18
tt0001330,6.8,6
tt0001333,5.9,9
tt0001337,6.6,12
tt0001340,5.2,62
tt0001351,6.3,23
tt0001358,4,11
tt0001370,5.3,11
tt0001371,5.9,286
tt0001377,5.2,15
tt0001378,6.2,154
tt0001380,3.6,5
tt0001381,5.4,14
tt0001385,5.8,18
tt0001386,5.2,6
tt0001387,6.3,9
tt0001388,5.7,44
tt0001396,3.2,5
tt0001400,6.8,5
tt0001401,5.4,9
tt0001410,4.3,6
tt0001414,8.1,16
tt0001423,4.7,6
tt0001428,4.9,15
tt0001431,6.4,461
tt0001432,4.4,5
tt0001439,5.9,172
tt0001440,4.8,8
tt0001444,3.3,19
tt0001446,6,6
tt0001452,5.5,126
tt0001456,8.9,7
tt0001458,6,106
tt0001459,5.6,26
tt0001460,3.2,6
tt0001461,6.1,7
tt0001463,5.7,1201
tt0001469,5.7,55
tt0001475,8,12
tt0001481,5.7,9
tt0001482,5.5,23
tt0001488,6.4,281
tt0001490,4.6,7
tt0001496,4,30
tt0001499,5.6,210
tt0001500,5.7,6
tt0001508,5.3,12
tt0001510,5.6,22
tt0001517,6,13
tt0001518,5.7,7
tt0001519,4.4,12
tt0001527,7.8,2086
tt0001529,4.2,6
tt0001530,6.1,7
tt0001531,5.2,6
tt0001542,4.4,8
tt0001544,6.1,444
tt0001545,6.8,76
tt0001550,5.5,23
tt0001551,5.4,54
tt0001552,5.3,11
tt0001557,4.8,48
tt0001563,5.8,21
tt0001564,4.6,7
tt0001571,5,6
tt0001577,5,6
tt0001582,4.9,8
tt0001583,5.6,10
tt0001586,4.4,5
tt0001587,4.1,7
tt0001588,5.7,115
tt0001593,6.4,240
tt0001594,6.4,210
tt0001598,6.3,11
tt0001607,5.7,24
tt0001613,5.7,93
tt0001614,6.4,13
tt0001615,5.4,9
tt0001624,5,29
tt0001630,6.1,16
tt0001632,6.5,38
tt0001642,5.2,21
tt0001654,5.5,13
tt0001655,4.4,8
tt0001658,5.9,7
tt0001659,7.3,6
tt0001660,5.8,146
tt0001668,4.2,24
tt0001671,5.2,11
tt0001680,5.2,431
tt0001681,5,171
tt0001692,6,7
tt0001693,7.2,10
tt0001695,4.8,27
tt0001701,4.5,45
tt0001709,5.7,13
tt0001715,3.5,6
tt0001717,3.4,14
tt0001724,5.8,179
tt0001728,7.7,6
tt0001732,7.1,8
tt0001733,5.6,9
tt0001737,7.2,1299
tt0001738,6.9,17
tt0001740,6.6,851
tt0001741,4.5,10
tt0001742,5.7,6
tt0001747,4.6,9
tt0001753,6.2,5
tt0001762,4.7,49
tt0001769,5.7,15
tt0001771,5.4,103
tt0001772,5.6,8
tt0001776,6.9,128
tt0001779,7,9
tt0001789,6.3,177
tt0001790,6.1,16
tt0001817,5.3,60
tt0001832,6.2,21
tt0001840,5,15
tt0001845,5,6
tt0001848,4.1,21
tt0001852,4.1,7
tt0001856,4.7,22
tt0001857,5.7,169
tt0001862,5.3,23
tt0001865,6.3,13
tt0001871,4.4,25
tt0001872,7.1,19
tt0001877,5.2,34
tt0001889,4.4,7
tt0001892,6.2,147
tt0001896,5.1,33
tt0001910,5.2,33
tt0001911,4.8,5
tt0001913,5.5,144
tt0001915,6.3,63
tt0001923,7.4,14
tt0001925,5.8,6
tt0001928,4.6,29
tt0001941,5,45
tt0001949,6,14
tt0001956,6.1,7
tt0001957,5.3,35
tt0001963,5.7,84
tt0001964,6.3,39
tt0001967,5.9,7
tt0001973,6.2,196
tt0001978,6,9
tt0001987,6.8,8
tt0001993,4.5,8
tt0001998,4.5,10
tt0002020,5.2,69
tt0002029,6.1,29
tt0002031,5.2,6
tt0002033,5.7,23
tt0002034,4.5,10
tt0002041,4.2,13
tt0002045,4.2,61
tt0002054,5.7,95
tt0002056,6.8,68
tt0002064,4.8,25
tt0002065,6.3,30
tt0002066,3.8,45
tt0002068,5.4,12
tt0002070,4.8,20
tt0002078,5.1,19
tt0002082,6.2,259
tt0002083,6.1,151
tt0002093,5,10
tt0002095,5.3,10
tt0002097,4.5,10
tt0002098,6,101
tt0002101,5.1,367
tt0002107,5.1,8
tt0002113,7,636
tt0002121,4.8,14
tt0002122,6.2,208
tt0002124,5.1,268
tt0002126,6.4,34
tt0002130,7.1,1599
tt0002133,5.9,133
tt0002136,5.9,44
tt0002139,5.4,7
tt0002143,5.9,393
tt0002144,5.4,10
tt0002145,8.8,6
tt0002151,4.8,16
tt0002153,5.9,35
tt0002159,3.9,15
tt0002160,6.6,54
tt0002162,4.4,29
tt0002167,5,9
tt0002172,4.4,7
tt0002176,6,196
tt0002177,5.6,16
tt0002179,3.4,16
tt0002181,6.4,108
tt0002186,6.6,62
tt0002190,6.4,289
tt0002196,4.2,5
tt0002197,5.6,192
tt0002198,6.3,19
tt0002199,5.8,394
tt0002200,6.4,64
tt0002202,4.8,9
tt0002203,4.9,29
tt0002206,5.5,11
tt0002208,6.9,967
tt0002212,5.5,10
tt0002214,6.2,17
tt0002216,5.5,13
tt0002220,5.1,11
tt0002221,6.9,255
tt0002224,5.2,108
tt0002226,5.7,23
tt0002230,6.5,65
tt0002232,5.3,30
tt0002233,4.8,92
tt0002234,8.3,12
tt0002255,4.4,24
tt0002260,6.4,882
tt0002261,6.7,10
tt0002268,5.8,5
tt0002277,6.5,15
tt0002280,4.7,26
tt0002281,6.2,222
tt0002282,5.3,7
tt0002290,5.2,31
tt0002295,7.4,5
tt0002300,6.6,8
tt0002302,6.8,9
tt0002303,5.8,126
tt0002305,7.6,14
tt0002309,9.1,10
tt0002329,5.7,20
tt0002332,4.5,11
tt0002340,6,32
tt0002342,6,47
tt0002349,5.5,6
tt0002350,6.5,213
tt0002354,6.5,98
tt0002355,6.2,36
tt0002357,6.1,137
tt0002369,6.2,31
tt0002370,5.9,7
tt0002371,6.1,9
tt0002374,6.2,8
tt0002380,4.8,6
tt0002381,6.7,1644
tt0002386,6.2,109
tt0002387,4.2,18
tt0002391,6.5,620
tt0002392,5.4,5
tt0002398,5.3,25
tt0002399,3.9,7
tt0002400,5.7,183
tt0002402,7.7,6
tt0002405,5.1,14
tt0002406,4.6,8
tt0002408,6.3,230
tt0002409,6.8,8
tt0002415,6,421
tt0002421,5.9,85
tt0002423,6.9,608
tt0002429,6.4,132
tt0002434,9,5
tt0002437,9,6
tt0002440,3.6,11
tt0002441,6,12
tt0002443,4.2,5
tt0002445,6.3,198
tt0002449,6.2,38
tt0002451,8.2,8
tt0002452,6.8,176
tt0002461,5.6,192
tt0002465,5.8,17
tt0002473,6.9,51
tt0002475,7.3,56
tt0002477,6.5,6
tt0002478,5.2,15
tt0002484,5.5,46
tt0002497,5.9,36
tt0002501,4.3,19
tt0002504,5,30
tt0002505,4.5,8
tt0002512,6.4,292
tt0002514,6.8,5
tt0002515,5.4,5
tt0002521,5.6,15
tt0002523,5.7,66
tt0002528,4.7,27
tt0002529,4.4,5
tt0002531,6,6
tt0002532,6,67
tt0002533,5.2,46
tt0002535,4.6,24
tt0002536,5.7,31
tt0002538,4.2,6
tt0002542,5.9,8
tt0002544,6.3,129
tt0002545,7.4,7
tt0002546,6.9,11
tt0002547,5.8,5
tt0002550,5.3,21
tt0002553,6.7,607
tt0002555,5.3,22
tt0002556,5.8,12
tt0002562,5.2,6
tt0002569,5.4,168
tt0002574,6.9,7
tt0002576,4.6,27
tt0002582,8.8,9
tt0002588,6.8,10
tt0002592,7.3,12
tt0002601,5,20
tt0002603,5.4,14
tt0002605,7.8,5
tt0002610,5.1,90
tt0002621,5.2,59
tt0002628,5.8,51
tt0002639,6.2,119
tt0002646,6.7,265
tt0002656,6,11
tt0002658,4,24
tt0002659,5.4,627
tt0002663,6.1,282
tt0002669,6.5,15
tt0002687,7.5,8
tt0002702,5,13
tt0002718,4.1,10
tt0002719,5.8,58
tt0002726,4.8,5
tt0002736,7.2,5
tt0002745,4,11
tt0002753,5.3,6
tt0002755,4.5,19
tt0002759,6.3,13
tt0002761,4.4,9
tt0002767,5.6,30
tt0002784,5.1,27
tt0002795,6.2,415
tt0002797,4.8,5
tt0002801,5.5,11
tt0002813,5.3,175
tt0002815,4.1,10
tt0002816,5.8,71
tt0002822,4.5,21
tt0002829,5,9
tt0002832,8.4,7
tt0002844,6.9,1710
tt0002847,4.7,12
tt0002848,4.7,9
tt0002850,6,8
tt0002851,5.4,264
tt0002853,4.1,16
tt0002863,6.8,32
tt0002867,5.6,88
tt0002885,6,82
tt0002893,6,8
tt0002894,6,6
tt0002897,5.7,27
tt0002898,7,70
tt0002902,4.8,10
tt0002910,6.2,60
tt0002917,6,21
tt0002919,4.7,45
tt0002921,3.9,8
tt0002922,5,29
tt0002956,5.1,30
tt0002973,5.2,6
tt0002983,6,223
tt0002985,6.2,224
tt0002990,5.6,110
tt0002996,4.4,15
tt0002999,6.1,9
tt0003001,5.1,9
tt0003006,6.2,5
tt0003014,7.2,782
tt0003015,4.8,28
tt0003016,5.5,57
tt0003022,5.7,24
tt0003035,6.2,6
tt0003037,6.8,1180
tt0003044,5.5,13
tt0003046,6,21
tt0003054,5.6,8
tt0003057,5.6,5
tt0003059,5.7,26
tt0003065,5.8,43
tt0003073,4.9,15
tt0003075,7.6,9
tt0003078,6.7,10
tt0003083,3.8,5
tt0003093,6.2,9
tt0003102,6.7,76
tt0003104,5.9,218
tt0003106,5.6,52
tt0003112,6.7,6
tt0003131,6.9,83
tt0003133,6.2,8
tt0003156,6.1,9
tt0003158,6.1,9
tt0003159,5.9,15
tt0003165,6.9,908
tt0003167,6,124
tt0003170,6.5,609
tt0003177,4.6,107
tt0003212,5.2,13
tt0003214,6.5,173
tt0003215,6.4,7
tt0003226,4.8,6
tt0003235,5.9,8
tt0003238,5.4,101
tt0003241,5,6
tt0003242,8,9
tt0003249,6.8,8
tt0003265,4.7,50
tt0003278,7.4,9
tt0003288,6.1,12
tt0003301,6.1,16
tt0003309,5.5,13
tt0003310,5.5,27
tt0003311,6.4,263
tt0003316,6.9,9
tt0003317,7.3,13
tt0003323,6.9,16
tt0003330,6.4,69
tt0003337,6.1,17
tt0003345,5.9,14
tt0003355,4.8,6
tt0003360,5.4,77
tt0003362,6,5
tt0003379,4.2,6
tt0003386,8.5,8
tt0003399,5,209
tt0003417,5,25
tt0003419,6.6,1419
tt0003424,7.4,852
tt0003427,6,22
tt0003436,5.5,49
tt0003438,6.1,17
tt0003441,6.6,8
tt0003442,6,5
tt0003454,5.8,5
tt0003460,6.2,18
tt0003468,4.3,19
tt0003471,6.1,485
tt0003489,6.2,421
tt0003497,6.6,5
tt0003499,6.9,14
tt0003500,6.8,6
tt0003502,6,12
tt0003508,6.8,5
tt0003512,5.3,91
tt0003516,5.2,28
tt0003526,5.8,19
tt0003536,4.8,5
tt0003540,5.7,20
tt0003565,6.8,12
tt0003578,6.8,6
tt0003584,7.2,9
tt0003585,7,7
tt0003587,6.1,10
tt0003588,5.4,7
tt0003589,6.7,7
tt0003596,6.1,37
tt0003599,7,6
tt0003615,6.1,94
tt0003618,8.7,13
tt0003625,5.5,11
tt0003630,5.6,14
tt0003637,6.6,305
tt0003638,7,7
tt0003643,6.9,945
tt0003657,6.7,94
tt0003662,6.3,624
tt0003665,6.6,39
tt0003670,6.5,20
tt0003679,5.5,1155
tt0003698,7.3,16
tt0003699,5,16
tt0003724,6.4,9
tt0003733,5,802
tt0003734,5.3,188
tt0003735,5.7,17
tt0003740,6.8,2562
tt0003743,5.8,13
tt0003750,5.3,7
tt0003751,5.5,13
tt0003758,5.8,898
tt0003760,5.8,645
tt0003772,6.6,880
tt0003777,4.8,11
tt0003803,6.8,23
tt0003805,5.5,949
tt0003813,4.9,67
tt0003819,8.8,12
tt0003823,7.1,34
tt0003828,5.8,18
tt0003838,6.5,10
tt0003839,6.7,257
tt0003854,5.6,9
tt0003855,6.5,62
tt0003860,5.2,65
tt0003863,6,724
tt0003869,5.5,6
tt0003876,6.4,24
tt0003883,7.8,242
tt0003884,7,60
tt0003890,6.4,14
tt0003897,6.4,34
tt0003923,5.2,749
tt0003930,6.8,1019
tt0003934,5.5,663
tt0003943,4.9,23
tt0003948,4.5,14
tt0003949,5.3,132
tt0003952,6.9,808
tt0003960,5.7,16
tt0003961,5.7,1115
tt0003969,5.4,164
tt0003972,4.5,6
tt0003973,6.1,161
tt0003978,4.2,5
tt0003980,5.6,7
tt0003982,5,6
tt0003996,8,6
tt0003998,5.6,22
tt0004002,6.3,19
tt0004007,5.7,564
tt0004008,7.2,2434
tt0004011,5.6,609
tt0004013,4.3,6
tt0004016,4.6,5
tt0004022,6.4,29
tt0004026,6.1,937
tt0004027,5.7,7
tt0004028,3.9,14
tt0004030,8,11
tt0004039,5.8,61
tt0004052,7,67
tt0004057,6.3,6
tt0004060,5.4,89
tt0004064,5.7,12
tt0004065,5.3,31
tt0004066,7.1,387
tt0004074,5.9,171
tt0004091,5.1,791
tt0004099,5,361
tt0004100,6.1,695
tt0004101,6,907
tt0004102,5.4,594
tt0004108,6.3,566
tt0004121,5.1,31
tt0004125,4.8,5
tt0004134,6.6,372
tt0004146,7,11
tt0004150,6,341
tt0004154,5.4,5
tt0004164,2.9,17
tt0004167,6.5,6
tt0004168,5,8
tt0004179,5.5,13
tt0004181,7.2,1076
tt0004182,7.4,36
tt0004189,5.8,2196
tt0004193,4.5,26
tt0004194,5.8,925
tt0004196,5.8,26
tt0004199,4.7,13
tt0004209,6.9,36
tt0004210,5.8,1018
tt0004212,5.6,170
tt0004223,7,24
tt0004229,8.2,5
tt0004238,5.5,6
tt0004243,4.6,25
tt0004249,4.8,6
tt0004260,7.9,7
tt0004268,4.9,10
tt0004272,6.4,5
tt0004277,5.7,611
tt0004279,5.5,185
tt0004280,5.6,697
tt0004282,5.8,917
tt0004284,5.6,1089
tt0004286,5.2,237
tt0004288,5.5,1449
tt0004295,9.2,17
tt0004307,6,5
tt0004311,6,972
tt0004316,5.9,20
tt0004319,4.8,8
tt0004323,6.6,5
tt0004325,5.6,8
tt0004328,6,7
tt0004336,5.4,10
tt0004367,6.8,9
tt0004369,5.8,12
tt0004374,4.2,8
tt0004384,4.5,8
tt0004387,5.8,11
tt0004390,6.2,63
tt0004391,5.7,19
tt0004393,6.7,84
tt0004395,6.1,680
tt0004399,6.1,13
tt0004403,7.4,7
tt0004408,5.5,51
tt0004413,6.5,150
tt0004426,6.3,7
tt0004442,4.7,29
tt0004457,5.6,310
tt0004465,7.6,860
tt0004475,5.2,14
tt0004499,5.8,542
tt0004518,5.1,782
tt0004525,5.9,25
tt0004536,5.3,18
tt0004537,5.7,13
tt0004545,4.3,9
tt0004546,6.4,1171
tt0004555,6.2,28
tt0004558,5,7
tt0004562,5.8,13
tt0004571,6,12
tt0004573,6.5,6
tt0004593,6.3,19
tt0004600,5.7,10
tt0004630,6.4,34
tt0004635,6.2,749
tt0004637,5.4,640
tt0004646,6.1,7
tt0004651,5.4,5
tt0004662,6.5,13
tt0004670,5.4,912
tt0004674,7.2,12
tt0004681,6.4,124
tt0004691,4.6,18
tt0004693,5.5,750
tt0004707,7,2946
tt0004712,6.2,128
tt0004728,3.5,11
tt0004730,7.9,158
tt0004736,5.8,852
tt0004740,5.8,9
tt0004743,5.5,82
tt0004757,6.8,6
tt0004766,5.8,139
tt0004792,6.6,7
tt0004821,9.2,5
tt0004825,6.5,195
tt0004836,5,56
tt0004837,7.2,12
tt0004838,5.8,115
tt0004846,5.4,10
tt0004847,4.7,12
tt0004849,6.6,19
tt0004853,7.5,11
tt0004866,3.8,5
tt0004869,4.7,13
tt0004870,5.2,57
tt0004872,6.2,179
tt0004873,6.2,297
tt0004887,5,20
tt0004888,5.1,30
tt0004889,5.7,22
tt0004905,5.9,16
tt0004907,7.5,20
tt0004908,5.6,12
tt0004913,5.2,5
tt0004936,6.8,1416
tt0004942,4.3,6
tt0004968,4.8,10
tt0004971,5.4,56
tt0004972,6.7,19159
tt0004974,3.3,7
tt0005003,6,5
tt0005005,5.4,7
tt0005026,5.9,30
tt0005040,7.7,6
tt0005041,6.8,41
tt0005044,5.9,1250
tt0005047,5.6,27
tt0005049,6.7,6
tt0005050,5.3,7
tt0005053,6.5,15
tt0005054,8.4,14
tt0005059,6.6,51
tt0005060,6.9,790
tt0005061,4.2,12
tt0005068,5.3,23
tt0005074,6.8,1681
tt0005076,6.6,36
tt0005077,6.1,1145
tt0005078,6.6,2023
tt0005084,6.4,53
tt0005087,4,7
tt0005108,5.2,12
tt0005114,5.3,55
tt0005124,6,6
tt0005147,5.4,90
tt0005149,6.1,187
tt0005160,5,6
tt0005161,6.6,9
tt0005163,6.7,10
tt0005172,6.1,8
tt0005179,6,10
tt0005180,7.2,13
tt0005190,8.2,8
tt0005192,6,6
tt0005196,9,18
tt0005198,6,225
tt0005199,5.5,43
tt0005200,6.7,23
tt0005204,6,56
tt0005205,5.5,57
tt0005209,5.6,8
tt0005211,3.8,6
tt0005214,5,14
tt0005220,5.9,117
tt0005228,5.8,9
tt0005231,2.8,15
tt0005246,6.2,60
tt0005302,6.7,15
tt0005309,5.7,158
tt0005310,5.7,202
tt0005312,5.8,127
tt0005313,6,200
tt0005314,5.6,219
tt0005315,6.2,166
tt0005316,6.2,56
tt0005317,6.4,281
tt0005336,5.5,260
tt0005339,5.9,654
tt0005352,4.8,5
tt0005353,7.3,23
tt0005354,5.8,133
tt0005381,5.4,15
tt0005384,7.8,16
tt0005393,5.5,16
tt0005402,6.6,143
tt0005414,7,187
tt0005419,7.2,6
tt0005431,6,9
tt0005435,4.2,8
tt0005436,5.1,56
tt0005437,5,27
tt0005443,5.3,41
tt0005444,5.3,85
tt0005446,6.6,17
tt0005458,8.6,7
tt0005460,5.4,36
tt0005475,4.9,58
tt0005481,5.8,8
tt0005482,4.9,8
tt0005488,5.6,5
tt0005489,6.2,1316
tt0005490,6.3,6
tt0005496,7.2,6
tt0005502,7.3,7
tt0005513,3.9,14
tt0005514,3.6,13
tt0005522,6.5,13
tt0005529,7.1,205
tt0005535,7.7,18
tt0005542,5.8,1130
tt0005545,7.9,10
tt0005551,7.5,12
tt0005556,9,5
tt0005557,6.5,237
tt0005562,3.3,7
tt0005566,6.1,7
tt0005571,6,907
tt0005579,5.8,11
tt0005582,5.7,7
tt0005586,6.7,19
tt0005589,6.3,12
tt0005590,6.3,43
tt0005592,6.7,6
tt0005600,5.7,26
tt0005613,6.3,7
tt0005615,7.2,18
tt0005621,6.9,14
tt0005622,6.9,119
tt0005654,5.1,111
tt0005656,5.8,27
tt0005660,5.5,85
tt0005661,6,52
tt0005663,6,5
tt0005674,5.2,16
tt0005675,5.5,71
tt0005676,6,186
tt0005677,6,171
tt0005678,6,193
tt0005679,5.2,153
tt0005680,6.2,66
tt0005682,5.3,37
tt0005683,6.3,28
tt0005700,4.7,6
tt0005703,5.3,57
tt0005719,5.9,110
tt0005731,6,25
tt0005733,6.8,6
tt0005739,6.4,5
tt0005753,5.3,79
tt0005756,7.7,7
tt0005758,7.8,12
tt0005771,6.5,10
tt0005772,5.6,5
tt0005774,5.6,5
tt0005780,7.4,5
tt0005808,5.3,7
tt0005809,6.1,297
tt0005810,6.1,1231
tt0005812,6.5,1300
tt0005823,7,17
tt0005832,6,23
tt0005838,4.2,25
tt0005845,6.4,16
tt0005864,5.7,148
tt0005871,7.2,5
tt0005875,5.7,30
tt0005878,4.8,5
tt0005879,8,5
tt0005891,5.1,81
tt0005910,5.7,842
tt0005915,6.5,27
tt0005916,6.9,682
tt0005928,4.7,10
tt0005931,7.9,11
tt0005939,5,7
tt0005945,8.9,16
tt0005951,7.1,420
tt0005955,5.5,66
tt0005956,8.5,6
tt0005960,7,913
tt0005962,6.3,24
tt0005978,4.7,6
tt0005987,6.8,5
tt0005992,6.2,17
tt0005994,8.5,6
tt0005998,4.9,11
tt0005999,4.8,9
tt0006008,6.4,8
tt0006026,5.5,35
tt0006032,6.3,1065
tt0006041,6.6,5
tt0006062,5.4,17
tt0006079,6,5
tt0006088,4.8,5
tt0006101,7.3,7
tt0006102,5.4,41
tt0006115,5.4,125
tt0006134,5.6,11
tt0006145,5.5,162
tt0006150,5,21
tt0006157,3.9,14
tt0006158,6.4,5
tt0006160,8.2,11
tt0006177,7.1,2427
tt0006182,6.1,71
tt0006201,4,6
tt0006206,6.9,3579
tt0006210,5.2,5
tt0006213,5,6
tt0006215,5.3,33
tt0006234,7.6,5
tt0006241,7.4,11
tt0006243,5.9,9
tt0006258,6,23
tt0006262,6,56
tt0006276,7.4,8
tt0006283,6.8,14
tt0006291,7.8,11
tt0006293,5.2,19
tt0006296,5.6,108
tt0006299,9.3,6
tt0006309,6.6,1290
tt0006313,6.3,1167
tt0006318,5.4,9
tt0006327,6.1,127
tt0006333,7,1300
tt0006339,4.3,13
tt0006343,5.3,7
tt0006349,6,179
tt0006350,5.5,6
tt0006354,5.3,26
tt0006357,6.3,44
tt0006358,8.4,8
tt0006359,6.1,50
tt0006363,6,7
tt0006373,8.9,7
tt0006375,7.3,6
tt0006386,6.9,23
tt0006397,5.6,26
tt0006399,5.7,36
tt0006405,6.7,302
tt0006409,8,21
tt0006413,5.5,6
tt0006414,7,1923
tt0006426,5.3,11
tt0006437,5.8,5
tt0006444,5,5
tt0006449,5.6,95
tt0006453,4.9,14
tt0006454,6.1,8
tt0006456,7.2,10
tt0006457,5.6,16
tt0006481,6.1,39
tt0006494,6.3,115
tt0006505,7.8,5
tt0006508,8.2,11
tt0006509,6.6,547
tt0006511,5.9,36
tt0006517,6.2,224
tt0006547,6.9,14
tt0006548,6.7,1570
tt0006562,6.6,123
tt0006564,5.5,19
tt0006568,7.1,24
tt0006570,5.8,6
tt0006588,6.2,5
tt0006589,7.2,94
tt0006592,5.5,21
tt0006593,4.9,47
tt0006598,6.5,6
tt0006600,4.5,13
tt0006601,5,5
tt0006603,6,5
tt0006614,6.5,40
tt0006617,6.1,169
tt0006621,6.2,11
tt0006637,8.3,6
tt0006641,4,6
tt0006645,5.1,13
tt0006653,6.6,9
tt0006664,5.6,29
tt0006666,6.6,18
tt0006668,6.9,311
tt0006673,4.5,11
tt0006679,5,7
tt0006684,6.6,1881
tt0006688,6.5,106
tt0006689,6.7,1739
tt0006692,4.8,8
tt0006699,5.5,8
tt0006703,6,39
tt0006706,6.1,13
tt0006713,6.3,13
tt0006726,4.8,5
tt0006731,6.5,588
tt0006736,6.8,71
tt0006745,6.5,457
tt0006751,6.4,23
tt0006753,6.8,89
tt0006761,6.3,30
tt0006764,6.4,199
tt0006766,7.7,6
tt0006770,6,5
tt0006773,6.4,16
tt0006780,6.8,709
tt0006782,4.6,81
tt0006796,5.9,12
tt0006801,5.6,102
tt0006803,6.7,6
tt0006809,6.2,92
tt0006813,7.4,22
tt0006819,6.5,23
tt0006820,6.4,57
tt0006826,6.7,790
tt0006829,4.7,6
tt0006831,5.7,6
tt0006835,3.7,14
tt0006843,3.8,5
tt0006846,6,8
tt0006861,5.4,17
tt0006864,8,12008
tt0006867,6.2,10
tt0006886,6.7,738
tt0006893,4.3,12
tt0006895,5.7,52
tt0006902,6,33
tt0006913,6,10
tt0006914,6.1,8
tt0006932,6.8,20
tt0006942,8.2,9
tt0006943,6.1,15
tt0006952,4.6,14
tt0006963,4.2,33
tt0006978,5.2,209
tt0006991,4,14
tt0006995,6.3,13
tt0006997,6.2,38
tt0007003,5.3,44
tt0007005,5.8,12
tt0007009,4.4,5
tt0007012,5.5,13
tt0007023,4.6,10
tt0007031,6.4,41
tt0007034,7.8,9
tt0007038,8.2,5
tt0007047,6.8,539
tt0007049,6.7,42
tt0007061,4.4,5
tt0007070,4.8,5
tt0007098,6.1,77
tt0007100,7.4,18
tt0007108,7,717
tt0007110,8.1,8
tt0007111,6.6,7
tt0007116,6.3,10
tt0007118,9.2,18
tt0007120,8,12
tt0007136,6.1,48
tt0007142,6.6,15
tt0007145,7.2,2441
tt0007151,7.8,33
tt0007160,7.4,7
tt0007162,7.2,2462
tt0007167,4.7,11
tt0007177,4.6,88
tt0007183,7.1,485
tt0007184,6,6
tt0007188,6.3,7
tt0007194,6.6,1238
tt0007197,4.1,7
tt0007202,6.5,39
tt0007208,5.2,52
tt0007220,5.6,5
tt0007240,6.6,31
tt0007246,3.6,5
tt0007250,6.3,6
tt0007254,9,8
tt0007255,4.8,8
tt0007257,6.5,539
tt0007260,6.7,98
tt0007263,5.8,14
tt0007264,7.2,2676
tt0007272,6.6,10
tt0007278,6.3,10
tt0007279,5.1,20
tt0007297,6.9,9
tt0007308,5,9
tt0007309,5.7,123
tt0007338,6.3,195
tt0007340,6.5,116
tt0007361,6.2,311
tt0007367,6.5,484
tt0007368,6.6,41
tt0007375,2.8,12
tt0007380,8,6
tt0007407,7.8,5
tt0007410,5,7
tt0007413,5.7,78
tt0007422,6.1,16
tt0007433,7.6,421
tt0007439,5.6,107
tt0007453,7.2,16
tt0007454,6.2,17
tt0007459,6.7,70
tt0007464,6,6
tt0007473,7.2,10
tt0007476,5.3,762
tt0007506,5,5
tt0007507,7,2063
tt0007514,7.3,9
tt0007516,4.6,5
tt0007522,6.2,69
tt0007530,6.9,120
tt0007539,7.4,5
tt0007558,6.4,409
tt0007567,5.4,134
tt0007590,6.3,35
tt0007610,5.7,148
tt0007613,7.5,2898
tt0007614,7.2,5
tt0007617,5.5,62
tt0007620,5.3,22
tt0007624,6,99
tt0007626,4.5,8
tt0007646,7.3,27
tt0007647,7,5
tt0007669,6.5,8
tt0007673,5.4,8
tt0007678,6.7,6
tt0007679,5.3,6
tt0007686,6.7,64
tt0007698,5,30
tt0007699,5.4,13
tt0007702,7.1,16
tt0007709,5.5,85
tt0007711,7,12
tt0007720,6.2,69
tt0007725,4.7,7
tt0007726,6.1,11
tt0007755,5.9,385
tt0007761,6.4,1102
tt0007764,5.9,143
tt0007765,4.9,10
tt0007769,7.4,5
tt0007774,5.5,6
tt0007778,8.5,6
tt0007791,4.6,18
tt0007794,5.3,6
tt0007795,7.1,28
tt0007801,6,272
tt0007802,6,135
tt0007809,4.1,16
tt0007811,7,8
tt0007812,5.9,13
tt0007819,6.4,1230
tt0007825,6.8,33
tt0007832,7.3,2616
tt0007834,6.6,5
tt0007854,7.3,7
tt0007865,7.3,6
tt0007867,8.1,8
tt0007873,6.5,25
tt0007880,7.6,3942
tt0007910,7.1,35
tt0007927,6.7,9
tt0007931,7.3,14
tt0007933,5.6,5
tt0007942,5,15
tt0007956,6,54
tt0007958,6.5,13
tt0007983,6.7,92
tt0007984,4.7,11
tt0007986,5.9,10
tt0007992,6.7,28
tt0007998,6.9,13
tt0008010,5.9,7
tt0008011,6.5,103
tt0008022,5,8
tt0008024,6.9,18
tt0008029,6.2,12
tt0008036,5.6,5
tt0008039,5,11
tt0008041,6.8,10
tt0008060,5.5,55
tt0008072,6.3,11
tt0008075,6.5,16
tt0008086,5.8,56
tt0008099,5.9,69
tt0008100,6.8,446
tt0008112,6.1,715
tt0008122,6.5,12
tt0008130,6,5
tt0008133,7.8,6075
tt0008134,6.8,5
tt0008144,4.5,11
tt0008150,6.5,424
tt0008151,4.2,5
tt0008161,6.3,39
tt0008163,4.1,10
tt0008164,4.4,12
tt0008176,8,7
tt0008177,6.6,7
tt0008188,6.5,554
tt0008196,6.5,588
tt0008207,5.2,6
tt0008212,5.9,60
tt0008234,5.6,9
tt0008241,6,6
tt0008252,6.5,60
tt0008259,7,29
tt0008271,4.5,24
tt0008279,6.5,83
tt0008281,8,15
tt0008285,6,7
tt0008305,5.6,13
tt0008309,6.6,224
tt0008319,6.2,59
tt0008329,5.7,59
tt0008331,4.7,46
tt0008338,4.8,28
tt0008348,4.7,6
tt0008355,5.8,11
tt0008359,5.9,19
tt0008362,7.2,44
tt0008371,8.2,8
tt0008372,6.8,20
tt0008374,5.9,17
tt0008377,6,640
tt0008381,7.8,10
tt0008389,5.8,22
tt0008395,7.1,360
tt0008401,5.5,54
tt0008411,6.2,13
tt0008416,6.2,6
tt0008426,8,5
tt0008431,6.1,7
tt0008442,7.7,26
tt0008443,6.8,1127
tt0008458,6.6,58
tt0008476,5.9,8
tt0008489,7.2,86
tt0008493,4.8,25
tt0008498,6.3,47
tt0008499,7,697
tt0008500,6.3,149
tt0008519,6.6,661
tt0008523,5.8,882
tt0008526,8.9,10
tt0008528,8.1,8
tt0008536,7.2,107
tt0008541,5.3,55
tt0008543,8.1,8
tt0008547,4.8,18
tt0008550,6.5,66
tt0008551,5.1,27
tt0008558,5.2,10
tt0008561,6.4,54
tt0008565,6.4,7
tt0008571,6.6,48
tt0008579,5.7,6
tt0008599,5.2,5
tt0008605,4.8,16
tt0008608,7.3,10
tt0008614,7.9,7
tt0008623,6.7,10
tt0008628,5.7,26
tt0008634,6.2,294
tt0008636,4.6,9
tt0008639,6.8,108
tt0008650,4.8,5
tt0008651,4.4,10
tt0008652,6.3,82
tt0008657,6.2,19
tt0008658,5.1,10
tt0008662,5,24
tt0008663,7.4,1193
tt0008670,5.1,30
tt0008672,6.7,148
tt0008679,6.6,445
tt0008687,6.4,110
tt0008688,7.8,95
tt0008690,5.5,27
tt0008692,5.6,20
tt0008696,6.9,13
tt0008698,5.7,6
tt0008710,6.9,121
tt0008720,5.5,6
tt0008723,6.8,40
tt0008725,6.1,29
tt0008730,6.6,16
tt0008735,6,17
tt0008745,4.5,11
tt0008759,5.6,9
tt0008761,3.4,11
tt0008764,6,23
tt0008775,6.9,481
tt0008786,6.5,38
tt0008787,8.2,5
tt0008797,7,7
tt0008800,6.9,73
tt0008804,4.6,12
tt0008806,5,10
tt0008807,6.7,66
tt0008810,5.1,15
tt0008811,5.2,131
tt0008821,2.8,5
tt0008822,6.1,54
tt0008825,5.7,9
tt0008826,5.6,27
tt0008827,6.6,700
tt0008832,5.8,5
tt0008836,4.8,13
tt0008843,6.1,98
tt0008844,6.2,236
tt0008848,4.8,30
tt0008854,5.5,473
tt0008860,4.2,17
tt0008865,7.8,6
tt0008866,5.2,23
tt0008874,6.8,878
tt0008876,8.3,6
tt0008879,7.2,1252
tt0008882,7.4,10
tt0008884,6.6,71
tt0008891,7,657
tt0008892,6.1,52
tt0008899,6.6,34
tt0008902,6.5,8
tt0008907,5.6,784
tt0008918,6.3,18
tt0008930,6.6,9
tt0008933,9,8
tt0008950,6.3,212
tt0008952,8,11
tt0008955,9.2,16
tt0008957,4.6,11
tt0008961,6.1,136
tt0008972,6.7,16
tt0008975,6.7,996
tt0008978,4.7,36
tt0008983,4.6,11
tt0008984,7.9,23
tt0008990,6.9,7
tt0008998,7.4,9
tt0009014,6.1,97
tt0009015,4.8,40
tt0009017,8,5
tt0009018,7.8,5815
tt0009020,7.4,8
tt0009045,5.3,57
tt0009046,6.2,6
tt0009047,6.9,23
tt0009051,6.8,5
tt0009062,6.2,456
tt0009063,6.8,5
tt0009071,5.5,42
tt0009079,7.2,14
tt0009082,6.6,10
tt0009086,6.4,259
tt0009088,6,75
tt0009096,5.8,18
tt0009099,6.4,53
tt0009104,7.6,24
tt0009105,6.1,162
tt0009109,6.5,62
tt0009123,6.1,789
tt0009125,4.4,16
tt0009128,8.3,7
tt0009130,6.9,22
tt0009133,6.6,25
tt0009136,7,8
tt0009137,7.4,12
tt0009142,6.4,23
tt0009144,4.8,26
tt0009145,5.7,43
tt0009150,6.7,781
tt0009153,6.2,56
tt0009170,5.6,5
tt0009171,6.1,90
tt0009179,5.8,22
tt0009193,5.7,9
tt0009198,6.2,5
tt0009204,7,8
tt0009205,7.3,9
tt0009209,6.7,10
tt0009212,6,6
tt0009214,5.7,43
tt0009220,7,5
tt0009240,5.9,14
tt0009241,6.6,570
tt0009246,5.6,202
tt0009247,5,10
tt0009249,4,8
tt0009252,5.5,17
tt0009259,4.2,6
tt0009273,6.8,34
tt0009286,4,8
tt0009289,8.2,5
tt0009302,7.1,7
tt0009305,6.6,9
tt0009306,7,34
tt0009309,6.6,19
tt0009316,6.6,90
tt0009322,4.8,12
tt0009326,6.6,88
tt0009334,7.6,5
tt0009356,6.5,592
tt0009358,6.3,7
tt0009359,5.7,7
tt0009369,7,963
tt0009376,7.2,5
tt0009389,5.8,505
tt0009400,6.8,8
tt0009405,6.6,18
tt0009406,5.6,26
tt0009416,4.4,5
tt0009419,6.6,14
tt0009420,6.5,19
tt0009430,4.2,5
tt0009431,6.4,5
tt0009434,5.8,204
tt0009436,8.1,13
tt0009440,6.6,138
tt0009445,9.3,12
tt0009454,7.6,5
tt0009466,6.4,710
tt0009470,8.2,5
tt0009471,5.8,5
tt0009475,6.5,457
tt0009480,6.3,12
tt0009483,8.6,5
tt0009492,8.2,15
tt0009494,4.7,24
tt0009502,8.2,6
tt0009522,5.8,81
tt0009523,7.5,8
tt0009527,5.4,5
tt0009544,8.7,17
tt0009546,5.1,9
tt0009549,8.2,6
tt0009550,7,20
tt0009551,7.8,5
tt0009558,4.3,24
tt0009559,6.7,263
tt0009560,6.8,17
tt0009563,4,21
tt0009568,7.1,27
tt0009573,5.8,20
tt0009575,8.4,5
tt0009580,4,22
tt0009596,5.7,7
tt0009604,6.2,5
tt0009608,7.4,662
tt0009610,6.8,8
tt0009611,6.9,4735
tt0009619,6.2,6
tt0009620,7,780
tt0009622,5.2,10
tt0009629,5.6,49
tt0009630,8.3,6
tt0009631,4.3,10
tt0009650,5.1,13
tt0009651,6.7,13
tt0009652,7.4,1228
tt0009659,5.9,12
tt0009676,6.5,12
tt0009677,7.1,11
tt0009678,6.5,259
tt0009682,5.9,548
tt0009690,4.1,23
tt0009694,6.8,57
tt0009696,4.2,24
tt0009700,5,6
tt0009701,7.5,210
tt0009702,5.2,5
tt0009721,6,10
tt0009732,5.8,214
tt0009737,6.1,85
tt0009741,5,5
tt0009750,4,12
tt0009754,5.6,11
tt0009757,7.1,26
tt0009764,6.2,15
tt0009765,5.1,11
tt0009766,5,6
tt0009771,5.2,12
tt0009789,6.8,5
tt0009796,6.6,216
tt0009801,6.4,5
tt0009803,6,5
tt0009806,6.4,42
tt0009811,4.5,25
tt0009825,6.2,11
tt0009827,5.9,8
tt0009829,5.3,12
tt0009837,4.2,25
tt0009842,6.9,7
tt0009852,7,5
tt0009853,5.5,22
tt0009858,6.6,8
tt0009859,5.2,31
tt0009878,6.9,895
tt0009879,7.1,47
tt0009887,7,823
tt0009892,6.6,884
tt0009893,7.2,1331
tt0009894,7.2,106
tt0009899,6.7,890
tt0009900,6.9,751
tt0009903,4.1,30
tt0009905,7,46
tt0009915,7.1,95
tt0009916,6.2,6
tt0009918,7.9,15
tt0009927,5.3,9
tt0009932,6.1,594
tt0009937,6.9,1142
tt0009949,5.8,34
tt0009950,5.6,22
tt0009968,7.6,8004
tt0009973,7,879
tt0009976,6.5,605
tt0009977,5.3,84
tt0009978,4.1,21
tt0009986,6.6,238
tt0009989,6.6,19
tt0009996,6,304
tt0010006,4.6,38
tt0010010,8.8,5
tt0010013,6.6,23
tt0010023,5.7,32
tt0010040,7.5,1220
tt0010045,5.1,23
tt0010049,9.2,6
tt0010057,6.8,2217
tt0010058,6.9,8
tt0010059,7,6
tt0010060,6.8,761
tt0010061,7.1,37
tt0010071,7.7,1027
tt0010072,5.6,129
tt0010103,6.6,610
tt0010108,6.8,69
tt0010112,6.1,44
tt0010113,6.4,36
tt0010119,4.4,24
tt0010120,3.9,13
tt0010128,5.6,44
tt0010133,4.2,8
tt0010134,4.1,8
tt0010137,7.6,651
tt0010146,7,811
tt0010155,6.8,936
tt0010158,7.6,5
tt0010162,7.8,76
tt0010176,7,5
tt0010178,7.7,6
tt0010180,5.3,7
tt0010181,5.9,33
tt0010183,5,9
tt0010186,4.7,14
tt0010193,6.6,594
tt0010195,7.1,214
tt0010198,4.4,31
tt0010199,4.4,14
tt0010200,3.6,14
tt0010203,7.3,40
tt0010206,6.9,32
tt0010208,5.6,439
tt0010209,8,6
tt0010214,4.4,10
tt0010215,7.1,11
tt0010219,6.6,349
tt0010221,6.1,544
tt0010227,6.6,480
tt0010229,5.7,10
tt0010233,5.7,101
tt0010244,8.8,21
tt0010247,7.2,995
tt0010248,6.2,22
tt0010249,5.6,8
tt0010255,6.1,31
tt0010256,6.7,11
tt0010258,6.3,492
tt0010259,6.5,13
tt0010267,6.9,851
tt0010276,5,6
tt0010279,5.9,107
tt0010281,7.1,979
tt0010292,6.8,8
tt0010298,7.4,67
tt0010307,7.4,1100
tt0010311,5.8,66
tt0010313,5.8,5
tt0010315,8.9,14
tt0010316,6.2,12
tt0010321,6.1,288
tt0010322,5.2,65
tt0010323,8.1,46109
tt0010325,5.7,9
tt0010328,6.1,39
tt0010330,7.7,29
tt0010331,7.4,5
tt0010337,5.1,9
tt0010352,6,5
tt0010356,6.1,24
tt0010357,6.7,13
tt0010358,6.7,16
tt0010375,7,41
tt0010382,6.4,25
tt0010386,7,48
tt0010391,7,204
tt0010402,6.6,48
tt0010412,5.2,5
tt0010418,7.9,1538
tt0010435,6.2,165
tt0010438,4.5,26
tt0010444,6.6,8
tt0010446,6.9,83
tt0010456,6.2,129
tt0010466,6,129
tt0010472,4.3,23
tt0010476,4.8,5
tt0010484,7.1,129
tt0010490,6.8,15
tt0010495,4.8,5
tt0010501,7.5,6
tt0010506,5,59
tt0010507,6.8,5
tt0010508,6,94
tt0010516,7.2,23
tt0010522,5.5,82
tt0010533,6.3,58
tt0010534,6.4,8
tt0010540,6.7,25
tt0010541,6.5,18
tt0010544,4,27
tt0010548,9.3,14
tt0010552,6.5,48
tt0010559,6.5,77
tt0010562,7,11
tt0010566,8.5,10
tt0010570,8.4,8
tt0010571,6.8,5
tt0010598,6.4,652
tt0010600,7.3,1335
tt0010610,5.6,12
tt0010616,7.1,28
tt0010628,4.5,25
tt0010629,4.1,24
tt0010632,5.5,154
tt0010635,6.6,568
tt0010640,4.2,24
tt0010641,6.7,6
tt0010648,4.2,16
tt0010651,6.6,5
tt0010656,5.5,174
tt0010662,6.6,385
tt0010668,5.2,6
tt0010674,5.8,11
tt0010680,5.8,202
tt0010690,7.8,5
tt0010692,7.8,5
tt0010694,7.4,5
tt0010703,6.3,15
tt0010726,6.6,859
tt0010729,7.3,7
tt0010732,5.9,143
tt0010733,7,5
tt0010747,6.8,2140
tt0010754,6.5,35
tt0010755,6.8,74
tt0010757,7.3,158
tt0010764,9.2,9
tt0010766,9,15
tt0010767,7.2,31
tt0010791,6.4,46
tt0010793,7.2,6
tt0010795,6.9,16
tt0010799,7.4,5
tt0010806,7.2,1338
tt0010813,7.8,5
tt0010821,6.2,363
tt0010822,6.4,7
tt0010844,6.6,277
tt0010849,6.6,11
tt0010853,6.8,80
tt0010859,6.2,25
tt0010871,6,8
tt0010874,5.5,8
tt0010879,7,669
tt0010890,6.4,267
tt0010905,8.3,15
tt0010915,6.2,5
tt0010920,6.7,7
tt0010925,6.5,704
tt0010930,6.4,274
tt0010940,5.3,9
tt0010943,3.4,18
tt0010947,7.3,24
tt0010953,6.7,101
tt0010962,6.8,469
tt0010964,8.1,18
tt0010965,5.2,13
tt0010967,8.5,6
tt0010968,4.3,11
tt0010969,6.9,261
tt0010987,6.3,11
tt0011000,6.8,948
tt0011001,6.8,8
tt0011011,5.9,12
tt0011012,6.4,5
tt0011016,5.7,13
tt0011024,5.5,10
tt0011031,6.6,39
tt0011036,6.3,9
tt0011042,6.6,5
tt0011055,5.9,35
tt0011058,6.5,54
tt0011063,6.6,50
tt0011069,5.6,5
tt0011070,7.5,16
tt0011071,7.1,2212
tt0011073,7.1,8
tt0011076,5.9,30
tt0011078,7.1,21
tt0011079,6.9,7
tt0011093,6,6
tt0011094,5.8,8
tt0011110,7.2,6
tt0011117,6.7,12
tt0011118,6.3,6
tt0011123,5.6,69
tt0011127,7.6,9
tt0011128,6.3,78
tt0011129,5.3,23
tt0011130,7,4021
tt0011131,5.4,94
tt0011133,7.8,6
tt0011136,4.9,39
tt0011137,5.5,11
tt0011144,6.9,1036
tt0011157,6.7,606
tt0011163,5.9,22
tt0011172,6.5,6
tt0011173,6.4,98
tt0011174,8.1,7
tt0011193,6.6,236
tt0011205,7.8,10
tt0011211,6.7,10
tt0011216,7.8,13
tt0011217,6.7,223
tt0011221,6,707
tt0011222,7.2,6
tt0011223,6.8,679
tt0011224,5.8,9
tt0011228,3.1,19
tt0011234,5,10
tt0011237,7.2,5364
tt0011241,4.9,8
tt0011243,5,5
tt0011253,5.9,43
tt0011256,5.4,15
tt0011257,6.3,6
tt0011263,6.7,984
tt0011265,5.6,5
tt0011267,5.4,219
tt0011273,5.5,6
tt0011277,7.7,40
tt0011280,6,5
tt0011284,7,8
tt0011293,7,782
tt0011294,7.2,126
tt0011298,4.5,23
tt0011301,6.3,7
tt0011302,7.2,148
tt0011303,7.6,5
tt0011309,3.5,20
tt0011313,6.5,64
tt0011317,6.8,89
tt0011318,3.3,12
tt0011324,5.8,57
tt0011325,8.6,5
tt0011327,9,7
tt0011336,5.1,14
tt0011344,6.9,80
tt0011348,7.5,73
tt0011350,7.5,6
tt0011358,6.6,265
tt0011362,7.1,74
tt0011365,4.6,7
tt0011368,6.3,15
tt0011369,7.2,107
tt0011370,7.1,270
tt0011371,6.8,213
tt0011387,6.9,949
tt0011393,5.3,62
tt0011394,7.3,25
tt0011396,6.1,15
tt0011401,6.1,63
tt0011414,7.2,112
tt0011415,6.8,72
tt0011421,2.8,10
tt0011428,6.1,10
tt0011433,4.5,10
tt0011439,7.2,1835
tt0011440,6.7,160
tt0011450,7.7,15
tt0011459,5.9,17
tt0011474,7,81
tt0011481,6.2,17
tt0011487,4.9,12
tt0011495,4.6,9
tt0011499,7.3,54
tt0011506,5.2,6
tt0011507,6.6,5
tt0011508,7.7,2992
tt0011513,5.8,157
tt0011521,7,847
tt0011522,7,40
tt0011525,7.5,17
tt0011533,5.4,9
tt0011534,6.1,11
tt0011541,8.2,5584
tt0011545,5.8,340
tt0011548,6.4,70
tt0011549,4.8,5
tt0011565,7.5,1653
tt0011568,6.2,21
tt0011575,5.9,7
tt0011587,4.2,5
tt0011588,6.8,279
tt0011603,3.1,21
tt0011604,5.4,7
tt0011607,7.4,838
tt0011612,5.6,24
tt0011617,6.4,24
tt0011619,7.5,20
tt0011623,9.1,42
tt0011624,5.1,23
tt0011635,5.2,28
tt0011641,6.7,120
tt0011647,5.7,110
tt0011649,6.3,37
tt0011651,7.4,29
tt0011652,6.2,1219
tt0011654,7.6,40
tt0011656,7.9,2834
tt0011662,5.4,12
tt0011676,7.8,37
tt0011679,6.5,224
tt0011687,7.2,5
tt0011691,6.2,5
tt0011692,4.5,11
tt0011694,7,6
tt0011695,6.3,6
tt0011716,8.1,521
tt0011717,6,58
tt0011721,7.3,69
tt0011722,5.6,190
tt0011723,6.5,625
tt0011731,4.7,11
tt0011735,6.4,15
tt0011738,7.1,8
tt0011741,6.6,176
tt0011742,6.3,510
tt0011753,5.6,126
tt0011756,7.5,10
tt0011757,7.2,9
tt0011758,6.2,5
tt0011765,7,6
tt0011779,6.5,146
tt0011785,6.6,16
tt0011797,7.4,9
tt0011807,3.8,12
tt0011808,4.2,36
tt0011830,6,20
tt0011833,7.1,308
tt0011837,6.2,281
tt0011841,7.9,4287
tt0011845,7.5,6
tt0011848,7,57
tt0011849,7.6,8
tt0011855,6.9,14
tt0011858,5.3,6
tt0011860,5.6,7
tt0011865,7.8,1229
tt0011866,4.9,7
tt0011870,6.4,1693
tt0011874,6.6,34
tt0011877,7,5
tt0011881,6.1,23
tt0011886,7.3,15
tt0011890,6.3,7
tt0011904,6.9,920
tt0011906,5.2,29
tt0011907,4.3,7
tt0011908,6.6,82
tt0011909,7.8,1144
tt0011916,6,21
tt0011922,6.7,552
tt0011923,5.9,7
tt0011925,5.5,18
tt0011927,6.4,5
tt0011929,7,25
tt0011938,6.3,17
tt0011942,7,29
tt0011944,5,8
tt0011948,7.2,298
tt0011949,6.3,36
tt0011952,8.3,9
tt0011953,5.6,12
tt0011956,6.2,6
tt0011958,6.6,31
tt0011960,7.1,834
tt0011968,4.6,30
tt0011973,6.1,7
tt0011974,5.4,5
tt0011977,7.6,5
tt0011979,6.9,380
tt0011984,7.2,2432
tt0011990,6.8,24
tt0011998,7,22
tt0011999,6.4,63
tt0012006,7.6,22
tt0012016,7.6,48
tt0012017,7.1,21
tt0012023,7.3,21
tt0012027,6.6,787
tt0012067,7.2,20
tt0012068,6.9,326
tt0012077,6.8,6
tt0012087,7.1,24
tt0012091,5,6
tt0012092,6.7,27
tt0012102,4.2,25
tt0012104,6.5,6
tt0012107,6.4,33
tt0012111,7.2,12
tt0012114,6.5,8
tt0012117,5.8,9
tt0012122,6.1,101
tt0012123,6.8,296
tt0012125,7.2,92
tt0012134,7.3,289
tt0012136,7,152
tt0012153,6.2,23
tt0012159,4.9,12
tt0012168,6.5,8
tt0012174,7,18
tt0012175,6.6,152
tt0012181,7.2,15
tt0012187,7.1,72
tt0012189,6,8
tt0012190,7.9,2775
tt0012192,5.6,12
tt0012194,4.2,25
tt0012202,6.9,8
tt0012205,6.2,20
tt0012219,6.1,8
tt0012224,7.8,2950
tt0012227,5.3,6
tt0012238,8.4,7
tt0012248,7.9,34
tt0012249,7.1,300
tt0012253,7.1,1573
tt0012255,7,2046
tt0012273,6,10
tt0012278,7.7,2082
tt0012281,6.8,167
tt0012284,7.2,12
tt0012293,5.7,12
tt0012297,8.8,13
tt0012303,6.3,559
tt0012304,7.5,2668
tt0012305,6.5,11
tt0012313,6.9,246
tt0012314,6.8,199
tt0012317,7.1,7
tt0012320,7,195
tt0012328,5.2,27
tt0012329,6.5,6
tt0012334,7,172
tt0012342,7,7
tt0012344,5.9,8
tt0012347,5.9,176
tt0012349,8.3,87087
tt0012350,8.2,10
tt0012352,6.3,7
tt0012358,5,5
tt0012362,6.3,6
tt0012364,8.1,7959
tt0012365,5.3,42
tt0012366,7.8,16
tt0012368,6.2,12
tt0012369,7.9,14
tt0012382,6.2,224
tt0012397,7,240
tt0012398,8.4,23
tt0012405,5.3,31
tt0012406,9,24
tt0012408,6.7,283
tt0012409,6.8,78
tt0012416,9,6
tt0012422,7.7,22
tt0012427,8.5,6
tt0012434,5.8,12
tt0012436,6.8,14
tt0012439,6.3,15
tt0012456,4.6,9
tt0012465,7.2,250
tt0012467,6.7,100
tt0012468,6.7,36
tt0012472,6.4,8
tt0012476,7.5,6
tt0012484,5.6,19
tt0012486,6.1,219
tt0012492,6.7,21
tt0012494,7.7,4094
tt0012497,5.2,5
tt0012499,7.6,1311
tt0012505,5.8,5
tt0012512,6.8,619
tt0012513,6.7,178
tt0012520,5.8,14
tt0012529,6,7
tt0012532,7.8,4155
tt0012538,6.6,390
tt0012541,7.2,5
tt0012543,7,2291
tt0012548,5.6,10
tt0012555,7.8,5
tt0012562,6.1,9
tt0012563,6.5,50
tt0012565,7.2,13
tt0012570,7.7,3216
tt0012581,4.7,9
tt0012591,6.7,20
tt0012600,7,25
tt0012618,6.2,22
tt0012619,9.3,6
tt0012620,5.7,1018
tt0012622,4.2,6
tt0012627,6,24
tt0012631,6.9,97
tt0012642,6.9,832
tt0012645,6.9,99
tt0012646,6,182
tt0012650,6.5,181
tt0012651,6.3,1082
tt0012657,6.7,70
tt0012675,7.2,2728
tt0012684,4.7,16
tt0012689,5.9,14
tt0012695,4.3,6
tt0012699,7.1,71
tt0012701,6.2,33
tt0012710,6.7,6
tt0012716,5.7,7
tt0012724,4.8,6
tt0012725,5,5
tt0012730,5.8,6
tt0012734,4.4,25
tt0012739,5.3,10
tt0012740,5.6,34
tt0012745,6.8,119
tt0012747,7.6,7
tt0012752,7,680
tt0012754,6.7,19
tt0012755,7,139
tt0012763,7.9,1601
tt0012769,6,107
tt0012771,6.1,22
tt0012775,6.2,13
tt0012788,8.5,6
tt0012806,6.4,247
tt0012807,5.5,8
tt0012814,7.3,7
tt0012815,7.5,11
tt0012818,4.6,25
tt0012830,7.2,10
tt0012838,5.2,11
tt0012839,6.7,29
tt0012843,6,31
tt0012855,7.7,6
tt0012856,5.2,5
tt0012862,5.4,7
tt0012864,7.2,5
tt0012868,6.8,10
tt0012873,6.3,6
tt0012877,4.2,6
tt0012879,7.8,17
tt0012881,8.2,5
tt0012885,6.1,11
tt0012894,5.6,10
tt0012898,4.4,7
tt0012917,8.1,8
tt0012920,5,7
tt0012926,7,10
tt0012928,8.1,586
tt0012937,6.7,7
tt0012938,7.7,2101
tt0012940,6,61
tt0012945,7,1920
tt0012948,5.5,8
tt0012949,6.4,21
tt0012952,7.2,1105
tt0012958,6.4,26
tt0012973,7.3,455
tt0012975,7.1,105
tt0012985,6.6,58
tt0012990,6.4,7
tt0012997,6,8
tt0012998,6.4,5
tt0013014,5.8,286
tt0013022,6.2,14
tt0013024,5.8,5
tt0013025,7.7,4666
tt0013033,7.3,269
tt0013051,5.3,9
tt0013055,6.9,1833
tt0013059,6.5,293
tt0013075,7.2,1027
tt0013076,6.6,8
tt0013078,6.1,13
tt0013084,7.5,13
tt0013085,6.3,286
tt0013086,7.9,6069
tt0013088,6.7,21
tt0013091,6.7,7
tt0013093,6.9,7
tt0013096,5.9,42
tt0013099,7.3,1986
tt0013114,5,5
tt0013118,6.3,31
tt0013121,7.4,5
tt0013122,6.8,90
tt0013127,6.4,88
tt0013134,6.6,120
tt0013135,7.6,8
tt0013140,7.3,2413
tt0013149,5.1,190
tt0013158,6.6,1529
tt0013169,6.7,291
tt0013170,6.7,7
tt0013182,7.9,14
tt0013193,6.6,40
tt0013194,5.9,46
tt0013201,7.1,1408
tt0013211,6.4,46
tt0013221,6.2,11
tt0013223,5.1,176
tt0013224,6.8,5
tt0013227,5.3,6
tt0013230,6.5,6
tt0013250,5.5,6
tt0013253,6.7,7
tt0013254,7.1,16
tt0013257,7.7,9257
tt0013263,7,37
tt0013267,4.6,8
tt0013275,6.4,57
tt0013276,4.1,13
tt0013281,7,64
tt0013284,7.3,18
tt0013293,6.6,9
tt0013299,4.4,5
tt0013301,7.5,19
tt0013303,4.7,7
tt0013304,8.1,30
tt0013312,6.4,116
tt0013321,3.7,21
tt0013322,8.7,16
tt0013323,5.4,319
tt0013332,7,230
tt0013336,7.1,19
tt0013339,5.4,5
tt0013341,5.9,545
tt0013342,6.8,49
tt0013343,5.7,39
tt0013356,6.8,10
tt0013363,5.6,8
tt0013367,5.5,172
tt0013369,6.9,23
tt0013372,7.4,344
tt0013373,6.8,43
tt0013376,7.3,9
tt0013386,6.8,236
tt0013388,6.1,19
tt0013402,7.5,263
tt0013404,6.6,269
tt0013406,7.4,7
tt0013407,6.3,7
tt0013416,5.8,291
tt0013422,6.7,1554
tt0013423,3,8
tt0013427,7.7,8969
tt0013428,7.1,90
tt0013433,5.4,9
tt0013436,5.7,6
tt0013439,6.9,21
tt0013442,8,76211
tt0013450,6.8,633
tt0013451,7.6,7
tt0013452,7.6,8
tt0013454,6.7,6
tt0013458,7.3,50
tt0013462,6.8,27
tt0013469,6.5,208
tt0013472,7.9,382
tt0013480,6.7,31
tt0013482,7.3,6
tt0013486,7.6,2906
tt0013488,7.1,73
tt0013494,6.1,46
tt0013496,7,1270
tt0013501,7.1,44
tt0013506,7,46
tt0013511,6.8,11
tt0013512,7.2,72
tt0013515,6.8,356
tt0013520,5.5,176
tt0013524,6.1,15
tt0013534,4.8,6
tt0013535,6.6,5
tt0013538,6.2,12
tt0013540,5.4,13
tt0013555,7.5,26
tt0013556,7.6,1726
tt0013571,6.6,607
tt0013572,5.2,12
tt0013573,6.7,40
tt0013574,7.4,55
tt0013579,7,689
tt0013590,7.8,69
tt0013592,6.4,318
tt0013596,3.4,8
tt0013597,5.9,486
tt0013603,4.1,22
tt0013607,5.9,119
tt0013611,7.5,49
tt0013617,6.1,12
tt0013619,6,142
tt0013620,5.5,13
tt0013624,6.4,7
tt0013626,6.8,1573
tt0013629,7.3,21
tt0013631,6.8,8
tt0013658,7.3,28
tt0013662,7.3,370
tt0013668,7.4,11
tt0013672,6.8,23
tt0013674,7.1,417
tt0013679,6.8,6
tt0013682,8.1,49
tt0013687,6.6,5
tt0013688,6.7,551
tt0013690,5.3,80
tt0013704,6.9,98
tt0013705,6.8,124
tt0013710,7,7
tt0013716,8.1,8
tt0013719,6.8,8
tt0013727,6.8,6
tt0013728,5.9,40
tt0013730,7,62
tt0013735,5,55
tt0013736,7.8,5
tt0013739,6.2,5
tt0013741,6.6,392
tt0013750,8,826
tt0013792,5.3,14
tt0013793,4.8,5
tt0013800,6.7,18
tt0013802,6.9,331
tt0013803,6.7,36
tt0013807,6.6,157
tt0013817,6.7,50
tt0013823,6.7,476
tt0013824,7.3,10
tt0013825,5.4,11
tt0013829,7.3,6
tt0013830,6.8,54
tt0013833,5.3,9
tt0013834,7.1,55
tt0013841,6.7,29
tt0013842,6.7,6
tt0013845,6.9,284
tt0013846,6.9,65
tt0013849,7.4,25
tt0013853,6.6,22
tt0013858,6.8,2263
tt0013861,5.3,6
tt0013865,6.8,61
tt0013866,4,6
tt0013867,7.1,11
tt0013868,7,71
tt0013871,4.1,8
tt0013872,7,21
tt0013877,7.9,7
tt0013879,7.5,6
tt0013882,7.6,8
tt0013885,6.2,13
tt0013886,7.2,6
tt0013892,7.4,21
tt0013896,6.2,31
tt0013902,8.4,8
tt0013905,8,9
tt0013906,5.6,14
tt0013908,6.6,11
tt0013909,7.5,290
tt0013912,6.3,49
tt0013916,6.9,88
tt0013917,4.9,8
tt0013920,5.7,7
tt0013925,6.6,8
tt0013926,6.6,24
tt0013930,6.1,20
tt0013932,6.3,41
tt0013933,7.8,829
tt0013938,4,9
tt0013940,6.2,37
tt0013949,6,6
tt0013950,5.6,12
tt0013951,6.8,383
tt0013955,5.8,5
tt0013961,6,5
tt0013962,6.1,8
tt0013965,7,6
tt0013973,6.6,60
tt0013975,7.1,14
tt0013981,9,6
tt0013982,7,69
tt0013984,5.4,10
tt0013992,5.7,589
tt0013994,6.3,174
tt0014003,6.8,16
tt0014012,6.2,12
tt0014013,6.8,33
tt0014014,7.3,65
tt0014015,5.2,5
tt0014021,3.1,9
tt0014022,6.3,31
tt0014023,7.2,5
tt0014029,7.7,928
tt0014031,3.2,22
tt0014032,5.8,5
tt0014034,6.6,20
tt0014039,5.9,8
tt0014040,7.2,10
tt0014045,7.4,36
tt0014046,6.7,17
tt0014051,7,27
tt0014057,6,8
tt0014063,7.2,459
tt0014064,6.3,46
tt0014068,7.4,11
tt0014069,7.1,7
tt0014073,4.1,14
tt0014074,7.8,18
tt0014081,6.3,27
tt0014090,5.8,5
tt0014097,5.2,14
tt0014100,6.5,27
tt0014108,7.2,122
tt0014109,7.3,886
tt0014112,5.7,84
tt0014113,4.3,7
tt0014116,6,5
tt0014118,7.6,5
tt0014127,6.8,5
tt0014137,6.9,22
tt0014138,5.3,11
tt0014139,8.2,6
tt0014141,7.4,9
tt0014142,7.3,3995
tt0014144,5.4,9
tt0014146,6,26
tt0014153,5.6,5
tt0014157,6.2,12
tt0014158,7.7,10
tt0014164,8.4,5
tt0014165,5,5
tt0014168,7.1,12
tt0014171,5,36
tt0014174,6.5,8
tt0014175,5.9,11
tt0014177,6.3,7
tt0014179,5.7,65
tt0014183,7.3,7
tt0014186,6.5,53
tt0014187,6.9,8
tt0014189,4.3,6
tt0014191,5.6,45
tt0014193,4.7,9
tt0014196,5.5,6
tt0014202,6.2,17
tt0014205,8.1,765
tt0014207,6.9,31
tt0014211,7.1,10
tt0014218,7,1678
tt0014228,8.3,6
tt0014229,6,26
tt0014241,5.9,49
tt0014248,5.8,6
tt0014249,8,5
tt0014262,7.1,7
tt0014264,6.4,14
tt0014269,4.5,13
tt0014284,6.3,10
tt0014285,9.2,27
tt0014293,5.7,37
tt0014298,7.3,15
tt0014301,6.3,15
tt0014302,6.9,20
tt0014303,4.2,12
tt0014309,7.1,25
tt0014310,7.2,14
tt0014316,5.6,57
tt0014320,7,50
tt0014321,4.9,42
tt0014322,7.5,6
tt0014323,5.9,52
tt0014332,2.8,5
tt0014339,7.2,18
tt0014341,7.9,8437
tt0014344,4.8,6
tt0014346,9.1,14
tt0014353,6.3,6
tt0014357,5.1,52
tt0014358,7.5,3418
tt0014363,6.8,47
tt0014379,8.1,8
tt0014385,7,18
tt0014388,6.5,6
tt0014391,5.8,11
tt0014397,6.9,210
tt0014398,6.4,7
tt0014406,6.4,1338
tt0014407,5.7,317
tt0014408,6.9,7
tt0014411,2.8,12
tt0014416,6.6,131
tt0014417,7.6,1421
tt0014419,5.8,162
tt0014423,6.5,11
tt0014429,8.2,15004
tt0014438,4.9,23
tt0014439,8,8
tt0014440,7.2,438
tt0014446,6.8,195
tt0014447,6.3,47
tt0014449,6.6,5
tt0014450,5.1,48
tt0014452,7,5
tt0014463,6.7,320
tt0014466,5.5,33
tt0014467,6.1,20
tt0014468,5.6,20
tt0014469,6.1,53
tt0014483,2.2,6
tt0014496,7,33
tt0014497,7.3,646
tt0014499,7,46
tt0014504,5,7
tt0014509,6.9,45
tt0014510,8.7,6
tt0014516,7.2,273
tt0014521,6.2,5
tt0014522,7.1,23
tt0014523,6.5,6
tt0014524,6.7,91
tt0014528,6,9
tt0014532,7,1544
tt0014538,7.1,3368
tt0014539,4.4,26
tt0014542,6,14
tt0014547,6.9,8
tt0014553,5.7,18
tt0014558,5.3,14
tt0014560,6.1,46
tt0014567,6.4,5
tt0014570,8.5,11
tt0014577,6.6,18
tt0014582,5.7,34
tt0014584,7.1,290
tt0014586,6.8,1350
tt0014588,6.8,6
tt0014600,7.2,30
tt0014602,7.3,18
tt0014604,7.2,117
tt0014605,7,315
tt0014606,6.8,86
tt0014607,5.7,69
tt0014608,5.8,10
tt0014611,7.4,1277
tt0014615,6.6,12
tt0014617,5.7,24
tt0014619,7.3,76
tt0014624,7.1,4045
tt0014636,8,673
tt0014639,5.1,18
tt0014644,5.3,18
tt0014645,5.5,6
tt0014646,6.6,1957
tt0014650,7.6,5
tt0014651,6.3,23
tt0014656,5.5,148
tt0014657,4.7,20
tt0014658,5.9,20
tt0014659,5.4,96
tt0014660,4.9,92
tt0014661,6.2,11
tt0014662,5.4,131
tt0014663,5,89
tt0014664,5.5,145
tt0014665,5.9,166
tt0014667,6.4,103
tt0014668,7,51
tt0014672,6.5,305
tt0014673,7,5
tt0014679,6.7,19
tt0014682,7.3,13
tt0014689,6.3,12
tt0014694,6.8,2298
tt0014696,6.5,21
tt0014699,5.4,5
tt0014701,6.8,12
tt0014702,6.9,347
tt0014706,6.6,10
tt0014707,6,5
tt0014713,6.8,12
tt0014720,5.2,11
tt0014721,6.3,93
tt0014733,7.9,9
tt0014734,6.2,10
tt0014749,6.6,34
tt0014752,7,13
tt0014759,6.6,27
tt0014760,7.1,150
tt0014762,6.8,13
tt0014763,6.7,101
tt0014767,7.6,7
tt0014770,6.7,173
tt0014774,6.9,7
tt0014775,3.4,5
tt0014776,7,5
tt0014782,6.4,19
tt0014788,6.2,11
tt0014797,6.7,35
tt0014811,6,20
tt0014817,6,8
tt0014826,6.1,75
tt0014839,7.7,6
tt0014854,7.3,83
tt0014857,5.9,38
tt0014866,5.5,11
tt0014867,6.6,8
tt0014869,7.9,572
tt0014872,7.5,2896
tt0014874,6.7,71
tt0014882,7,53
tt0014883,5.9,59
tt0014886,6.5,105
tt0014892,7.2,10
tt0014898,6.9,472
tt0014900,6.6,612
tt0014901,4.5,11
tt0014903,7.1,86
tt0014904,5.8,10
tt0014925,6.7,93
tt0014931,7.4,33
tt0014933,6,52
tt0014944,5.8,8
tt0014945,7.9,2619
tt0014946,6.3,6
tt0014950,6.1,8
tt0014953,6.6,8
tt0014960,3.9,9
tt0014967,7.6,82
tt0014968,7.5,15
tt0014970,4.6,9
tt0014972,7.9,2450
tt0014977,3.3,22
tt0014978,7,63
tt0014981,6.3,9
tt0014982,7,223
tt0014985,6.6,13
tt0014989,6.3,9
tt0014991,6.5,11
tt0014992,6.4,67
tt0014996,7.4,5
tt0014997,6.1,16
tt0014999,3.8,22
tt0015001,6.4,5
tt0015002,7.3,1024
tt0015004,8.5,11
tt0015014,7.4,554
tt0015015,6.2,5
tt0015016,7.3,1603
tt0015018,7.6,239
tt0015022,8.3,578
tt0015030,5.9,12
tt0015036,6.8,125
tt0015038,6.9,22
tt0015039,7.4,691
tt0015044,7.2,10
tt0015045,7.2,6
tt0015051,6.2,52
tt0015053,6.1,13
tt0015064,8.1,10358
tt0015068,7,24
tt0015071,6.8,17
tt0015076,6.9,101
tt0015091,7.4,11
tt0015096,7.6,85
tt0015104,6.8,26
tt0015116,8,835
tt0015117,6.8,18
tt0015119,7.4,890
tt0015133,5.2,13
tt0015136,7.3,1299
tt0015141,6.6,57
tt0015145,7.8,424
tt0015146,6,9
tt0015150,7,6
tt0015152,6.5,51
tt0015163,8,7505
tt0015164,5.7,45
tt0015167,6.7,725
tt0015168,7,49
tt0015171,6.5,8
tt0015174,7.9,3259
tt0015175,8.1,4316
tt0015177,6.7,58
tt0015180,6.1,9
tt0015184,5.5,6
tt0015189,7,6
tt0015197,5.1,11
tt0015200,7.3,86
tt0015202,7.1,1663
tt0015206,5.9,13
tt0015209,5.8,5
tt0015213,6.9,105
tt0015214,7.3,1301
tt0015217,6.3,30
tt0015219,6.4,61
tt0015224,7.4,694
tt0015228,6.4,102
tt0015229,7.6,5
tt0015232,6.9,15
tt0015233,5.6,8
tt0015239,6.4,11
tt0015245,5.8,31
tt0015253,5.8,46
tt0015256,9,5
tt0015258,6.2,20
tt0015263,6.2,8
tt0015268,7.2,350
tt0015270,7.4,9
tt0015273,7.1,7
tt0015284,6.5,44
tt0015289,6.7,104
tt0015299,8.2,12
tt0015310,7.2,361
tt0015312,7.8,201
tt0015313,7.6,7
tt0015322,5.7,10
tt0015324,8.3,26951
tt0015329,5.2,132
tt0015331,6.8,31
tt0015339,5.6,55
tt0015342,5.9,61
tt0015343,5.8,154
tt0015347,6.9,12
tt0015349,7.3,53
tt0015355,6,7
tt0015356,4.9,9
tt0015361,7.6,5769
tt0015375,5.2,5
tt0015376,7.3,9
tt0015377,5.6,62
tt0015378,7,89
tt0015384,6.2,1096
tt0015390,5.9,51
tt0015393,7.1,7
tt0015394,4.8,5
tt0015399,6.3,6
tt0015400,7.9,4648
tt0015407,4.4,5
tt0015409,7.2,38
tt0015413,5.5,8
tt0015414,6.6,5
tt0015419,6.6,5
tt0015423,6.5,11
tt0015426,2.8,10
tt0015431,6.8,110
tt0015433,5.9,7
tt0015442,6.7,7
tt0015443,6,12
tt0015444,6,10
tt0015452,7.4,5
tt0015453,5.8,5
tt0015456,6.6,17
tt0015457,6,20
tt0015460,5.9,10
tt0015465,6.9,7
tt0015466,5.3,6
tt0015471,7.7,9
tt0015477,5.6,194
tt0015491,6.3,21
tt0015492,7.1,11
tt0015493,6.4,178
tt0015494,7.6,13
tt0015495,6.4,9
tt0015498,7,344
tt0015500,7.9,267
tt0015504,5.6,14
tt0015508,7.2,46
tt0015518,8.9,35
tt0015522,5.9,52
tt0015524,6,30
tt0015526,6.6,8
tt0015532,7.9,4255
tt0015533,6.4,17
tt0015535,5.4,8
tt0015542,5.8,14
tt0015543,6,16
tt0015547,6.8,10
tt0015548,7.8,5
tt0015551,5,75
tt0015552,5.2,81
tt0015553,5.1,101
tt0015554,4.9,62
tt0015555,4.8,65
tt0015556,4.7,57
tt0015557,5.5,13
tt0015558,5.7,123
tt0015559,5.6,40
tt0015560,5.1,142
tt0015561,5.1,69
tt0015562,5.5,108
tt0015563,6,201
tt0015564,4.9,140
tt0015569,4.8,26
tt0015570,6,16
tt0015577,6.7,43
tt0015589,6.2,5
tt0015592,6.8,105
tt0015602,5.7,6
tt0015612,6.1,62
tt0015617,7.8,6
tt0015620,5.4,9
tt0015621,6.6,19
tt0015624,8.2,5412
tt0015626,7,5
tt0015627,6.1,22
tt0015632,6.6,13
tt0015634,6.2,545
tt0015635,6.5,41
tt0015643,7,170
tt0015644,6.2,5
tt0015648,8,45418
tt0015653,3.9,11
tt0015657,6,48
tt0015661,5.3,6
tt0015662,7.2,9
tt0015663,6.1,11
tt0015669,5.7,33
tt0015670,7.3,61
tt0015673,7.3,942
tt0015684,6.7,457
tt0015686,6.2,49
tt0015687,6.8,206
tt0015691,6.3,27
tt0015693,7.4,614
tt0015700,6.9,36
tt0015702,6.4,38
tt0015714,6.3,14
tt0015716,6.9,8
tt0015724,6.4,18
tt0015727,6.8,24
tt0015728,7.3,10
tt0015730,7.2,5
tt0015735,8.7,15
tt0015739,7.4,8
tt0015740,5.8,11
tt0015745,7.1,9
tt0015749,5.7,15
tt0015750,5.9,39
tt0015751,6.1,9
tt0015758,7.1,339
tt0015763,6.4,263
tt0015765,8.2,6
tt0015766,6.7,21
tt0015768,7.2,1359
tt0015770,6.2,5
tt0015771,6.3,12
tt0015772,7.3,1403
tt0015773,5.8,6
tt0015775,8.4,7
tt0015778,7.1,16
tt0015794,6.5,95
tt0015799,6,30
tt0015800,6.3,53
tt0015801,7.1,267
tt0015802,5.1,9
tt0015809,5,6
tt0015810,7.2,18
tt0015811,3.7,22
tt0015814,7.2,5
tt0015840,6.3,56
tt0015841,7.6,4173
tt0015842,7.4,1164
tt0015847,6.4,78
tt0015861,6.8,338
tt0015863,7.2,3035
tt0015864,8.2,82707
tt0015867,7.4,18
tt0015872,7.1,121
tt0015873,7.8,823
tt0015881,7.9,7869
tt0015883,7,165
tt0015888,5.6,46
tt0015900,6.3,14
tt0015902,5.9,7
tt0015903,5.3,9
tt0015906,7.5,21
tt0015909,7,127
tt0015916,6.7,154
tt0015918,7.3,18
tt0015919,6.1,8
tt0015921,7.7,120
tt0015924,6,6
tt0015926,7.2,5
tt0015927,9.7,6
tt0015929,5.5,15
tt0015930,4.5,15
tt0015935,7,89
tt0015937,8.3,11
tt0015947,6.7,36
tt0015948,6.9,140
tt0015950,5.5,11
tt0015951,1.6,10
tt0015953,5.7,230
tt0015956,6.7,195
tt0015959,6.7,72
tt0015961,5,5
tt0015968,7.5,10
tt0015972,9.1,10
tt0015973,5.7,53
tt0015975,7.6,8
tt0015976,6.7,24
tt0015977,6.3,155
tt0015979,7,25
tt0015980,7.4,8
tt0015987,6.5,13
tt0015988,7,15
tt0015992,5.9,34
tt0015994,6.8,12
tt0015996,5.7,6
tt0015997,8.4,5
tt0016004,7.5,816
tt0016005,6.2,474
tt0016006,7.6,115
tt0016008,6,10
tt0016013,7.7,399
tt0016017,8.4,9
tt0016022,5.8,72
tt0016023,8.3,341
tt0016027,7.8,8
tt0016028,7.5,761
tt0016029,7.1,1148
tt0016031,5.4,5
tt0016032,6.1,9
tt0016034,7,9
tt0016037,6.2,22
tt0016038,6.8,19
tt0016039,7.1,3826
tt0016049,6.5,57
tt0016051,6.6,15
tt0016052,5.3,11
tt0016053,6.3,45
tt0016058,6.8,5
tt0016061,5.6,7
tt0016063,7.9,18
tt0016064,6.8,13
tt0016065,5.4,27
tt0016066,6,5
tt0016069,6.8,10
tt0016084,8.1,11
tt0016085,5.2,25
tt0016094,6,7
tt0016096,7.2,67
tt0016097,6.2,9
tt0016104,8.1,1929
tt0016107,5.9,54
tt0016109,5,9
tt0016112,6.9,45
tt0016114,6.4,30
tt0016115,5.9,10
tt0016123,6.3,768
tt0016129,6.1,101
tt0016130,7.8,5
tt0016134,7.7,6
tt0016142,6.8,84
tt0016147,5.7,32
tt0016156,7,26
tt0016159,7.2,5
tt0016163,7.2,25
tt0016170,5.2,10
tt0016172,6.2,26
tt0016174,2.2,82
tt0016184,1.7,73
tt0016185,7.1,225
tt0016194,6.6,11
tt0016195,8,21
tt0016198,6.2,8
tt0016201,6.2,184
tt0016202,6.5,8
tt0016205,7,108
tt0016207,7.6,5
tt0016212,6.2,31
tt0016213,7,8
tt0016214,3.5,6
tt0016220,7.7,13928
tt0016222,5.9,51
tt0016225,6.7,37
tt0016226,6.3,240
tt0016230,6,1688
tt0016231,5.9,17
tt0016232,7.1,163
tt0016234,5.3,13
tt0016235,6.5,35
tt0016237,6.2,21
tt0016238,6.4,8
tt0016240,7,102
tt0016241,2.4,109
tt0016245,5.1,33
tt0016246,6.9,31
tt0016251,6.6,81
tt0016258,7.2,265
tt0016259,6.9,9
tt0016268,7.5,38
tt0016276,6.4,202
tt0016283,7.3,40
tt0016284,6.5,11
tt0016286,6.4,19
tt0016288,6.6,130
tt0016294,6.9,96
tt0016295,6.5,8
tt0016301,8.3,14
tt0016307,7.3,6
tt0016308,6.9,431
tt0016309,2.4,103
tt0016310,6.8,264
tt0016323,5.6,10
tt0016325,6.6,36
tt0016332,8,7466
tt0016334,7.4,8
tt0016338,6.4,84
tt0016341,5.7,6
tt0016345,7.7,7
tt0016346,7.6,63
tt0016358,1.8,75
tt0016359,5.9,76
tt0016361,7.1,62
tt0016364,5.3,29
tt0016367,5.9,19
tt0016373,5.5,22
tt0016374,5.1,8
tt0016375,5.9,117
tt0016377,7.3,105
tt0016384,6.1,41
tt0016390,7.4,90
tt0016392,6.2,79
tt0016394,8.1,723
tt0016395,7.5,200
tt0016399,5.4,20
tt0016403,6.7,13
tt0016409,6.4,20
tt0016417,4.6,27
tt0016420,6.9,8
tt0016424,6.2,5
tt0016430,5.5,12
tt0016438,6.4,5
tt0016439,7.8,18
tt0016446,7.6,51
tt0016449,5.5,6
tt0016453,5.5,6
tt0016461,6.9,471
tt0016462,6.1,7
tt0016463,5.2,14
tt0016467,6.3,9
tt0016468,5.3,10
tt0016469,7.1,70
tt0016471,6.6,67
tt0016473,7.3,1365
tt0016478,6.8,16
tt0016480,6.9,267
tt0016481,7.6,751
tt0016487,7,39
tt0016491,7.9,564
tt0016493,6.9,130
tt0016497,7.6,9
tt0016499,6.6,21
tt0016500,6.1,13
tt0016507,4.8,5
tt0016515,5.4,5
tt0016518,6.4,8
tt0016521,7.1,18
tt0016523,8.2,6
tt0016524,5.2,17
tt0016526,7.4,49
tt0016530,6.4,11
tt0016532,5.8,6
tt0016533,5,5
tt0016534,6.5,29
tt0016541,7.9,29
tt0016544,5.2,1229
tt0016545,5.7,202
tt0016548,7.2,95
tt0016550,6.7,40
tt0016553,6.5,6
tt0016558,6.5,13
tt0016559,7.1,88
tt0016560,8.3,510
tt0016563,6.8,107
tt0016564,8,8
tt0016570,5.7,7
tt0016573,5,5
tt0016575,7.2,6
tt0016580,5.9,10
tt0016581,5.7,12
tt0016582,5.4,30
tt0016583,5.4,95
tt0016584,5.8,12
tt0016585,5.4,115
tt0016586,5.1,71
tt0016587,5.4,73
tt0016588,6,10
tt0016589,5.5,123
tt0016590,5.4,11
tt0016591,5.4,71
tt0016592,5.2,10
tt0016593,5.4,142
tt0016594,5.7,110
tt0016595,5.3,15
tt0016597,6.8,8
tt0016598,6.1,9
tt0016600,5.4,280
tt0016603,7.7,18
tt0016607,6.7,19
tt0016615,6,10
tt0016621,6.4,5
tt0016623,6.9,14
tt0016627,7.9,909
tt0016628,7.7,7
tt0016629,6.7,608
tt0016630,7.1,2140
tt0016632,6.4,125
tt0016634,7,280
tt0016638,6.1,20
tt0016639,7.7,31
tt0016640,6.6,291
tt0016641,8,6572
tt0016642,8,6
tt0016643,6.4,187
tt0016646,8.2,347
tt0016654,7.2,1428
tt0016655,6.9,553
tt0016658,4.6,9
tt0016660,6.5,13
tt0016664,5.6,117
tt0016669,7.9,1245
tt0016672,4.8,363
tt0016677,7.4,8
tt0016685,6.6,5
tt0016689,6.9,7
tt0016690,8.2,1309
tt0016691,7,99
tt0016692,6.3,18
tt0016693,6.2,6
tt0016695,6,5
tt0016696,6.7,10
tt0016706,7.7,24
tt0016709,6.8,65
tt0016715,6.6,5
tt0016716,4.2,13
tt0016722,4.8,5
tt0016726,6.7,53
tt0016730,6.1,90
tt0016732,6.8,5
tt0016734,8.3,11
tt0016743,6,9
tt0016745,7.3,6
tt0016747,6.6,204
tt0016749,5.5,16
tt0016751,7.6,47
tt0016762,6.9,118
tt0016766,4.9,9
tt0016768,5.6,5
tt0016770,6.7,11
tt0016781,5.4,10
tt0016782,6.1,12
tt0016783,6.9,73
tt0016787,7.6,21
tt0016794,5.7,30
tt0016800,7.6,33
tt0016801,7.1,164
tt0016804,7.2,619
tt0016806,6.8,8
tt0016807,6.1,7
tt0016812,7.3,63
tt0016815,4.6,9
tt0016820,6.8,218
tt0016822,7.9,793
tt0016823,5.9,9
tt0016827,7.3,115
tt0016832,7.1,359
tt0016833,6.4,7
tt0016835,7.4,13
tt0016843,6.4,5
tt0016844,9,9
tt0016845,6.8,68
tt0016846,6.6,16
tt0016847,8.1,11845
tt0016848,5.1,16
tt0016850,5.9,42
tt0016851,6.3,122
tt0016854,6.6,168
tt0016855,6.8,5
tt0016858,7,5
tt0016867,5.7,6
tt0016871,8.1,701
tt0016873,5.4,7
tt0016874,8.3,25
tt0016875,7.3,10
tt0016884,8.1,3511
tt0016885,7,26
tt0016886,8.1,9
tt0016888,5.5,11
tt0016893,6.7,7
tt0016894,7.1,11
tt0016895,7.6,1139
tt0016903,5.5,377
tt0016906,5.7,9
tt0016910,6.4,21
tt0016914,7,526
tt0016915,6.2,13
tt0016916,5,9
tt0016917,5.4,44
tt0016925,4.6,8
tt0016930,5.3,20
tt0016935,7.3,23
tt0016939,6.4,199
tt0016940,7.1,7
tt0016947,6.8,187
tt0016948,7.7,6
tt0016949,6.2,8
tt0016950,5.8,6
tt0016953,6.7,525
tt0016959,7.5,8
tt0016963,7.3,6
tt0016971,6.1,106
tt0016972,8.5,6
tt0016974,5.6,49
tt0016981,7.6,5
tt0016983,5.1,7
tt0016988,5.8,43
tt0016989,6.7,19
tt0016999,7.3,42
tt0017000,6,8
tt0017003,6.3,17
tt0017004,6.9,176
tt0017007,6.8,86
tt0017009,7.6,5
tt0017010,4.8,30
tt0017013,6.2,5
tt0017014,7.4,92
tt0017017,5.6,5
tt0017020,7.7,6
tt0017022,6.2,6
tt0017023,7.6,5
tt0017025,7.3,66
tt0017027,7.9,7
tt0017028,7,105
tt0017029,7.4,375
tt0017033,7.4,49
tt0017040,6.8,18
tt0017041,6.5,6
tt0017042,6.8,5
tt0017043,5.4,5
tt0017045,6.5,39
tt0017046,7.6,8
tt0017047,7.5,8
tt0017048,7.6,1916
tt0017049,7.4,10
tt0017053,7.9,12
tt0017062,5.7,16
tt0017063,7,15
tt0017067,7.5,13
tt0017071,2.3,11
tt0017075,7.3,8193
tt0017078,6.8,142
tt0017080,6,14
tt0017082,7,179
tt0017089,5.9,21
tt0017092,7.2,10
tt0017096,7,345
tt0017097,5.1,10
tt0017098,6.4,34
tt0017099,6.3,11
tt0017100,7.4,17
tt0017103,6.8,411
tt0017107,7,5
tt0017115,8.3,7
tt0017117,8.2,8
tt0017118,6.5,34
tt0017119,7.1,265
tt0017120,7,250
tt0017124,7.6,9
tt0017125,7,6
tt0017128,7.7,2042
tt0017129,4.4,5
tt0017130,6.9,17
tt0017132,7.3,6
tt0017136,8.3,132981
tt0017137,7.3,67
tt0017139,5.5,77
tt0017151,4.3,9
tt0017158,6.9,7
tt0017159,7,215
tt0017161,6.2,5
tt0017162,6.9,431
tt0017179,4.9,10
tt0017180,5.5,6
tt0017184,6,66
tt0017187,5.7,34
tt0017195,7.2,94
tt0017196,6.9,590
tt0017197,5.5,6
tt0017198,7.6,214
tt0017199,7.2,9
tt0017201,7.2,17
tt0017202,5.2,8
tt0017204,7.3,79
tt0017205,7.2,28
tt0017212,5.9,15
tt0017213,8.1,17
tt0017214,7.2,244
tt0017215,7.2,6
tt0017218,5.5,24
tt0017226,7.1,117
tt0017231,5.9,118
tt0017233,7.9,11
tt0017235,5.4,5
tt0017248,7,5
tt0017251,2.5,88
tt0017252,5.4,20
tt0017253,2.6,7
tt0017254,6.2,5
tt0017266,5.6,19
tt0017267,5.7,6
tt0017268,6,186
tt0017269,6.4,8
tt0017271,7.9,695
tt0017279,7,12
tt0017280,5.9,27
tt0017291,6.1,21
tt0017292,6.9,46
tt0017293,7.4,98
tt0017300,7.7,7
tt0017305,7.5,53
tt0017309,6.8,13
tt0017311,7.2,37
tt0017316,7.8,12
tt0017321,4.3,13
tt0017324,6,5
tt0017326,7.2,10
tt0017328,7.3,26
tt0017329,6.8,135
tt0017338,6.3,87
tt0017340,4.9,9
tt0017347,6.5,250
tt0017350,7.8,1290
tt0017354,6.5,105
tt0017355,5.2,41
tt0017356,5.8,5
tt0017372,6.8,113
tt0017374,5.9,101
tt0017376,7.5,347
tt0017378,6.9,225
tt0017380,6.6,41
tt0017382,6.9,230
tt0017385,5.1,7
tt0017399,5.8,13
tt0017401,7.5,73
tt0017405,6.1,391
tt0017409,7.4,260
tt0017410,6.7,132
tt0017411,8.2,6
tt0017414,7.6,50
tt0017416,7.4,1570
tt0017418,7,68
tt0017419,7.3,166
tt0017421,7.4,7
tt0017422,6,12
tt0017423,7.5,1020
tt0017432,6,26
tt0017433,6.2,10
tt0017437,6.8,650
tt0017438,7.2,475
tt0017448,7.3,1567
tt0017449,7,908
tt0017451,4.5,8
tt0017454,6,6
tt0017457,7.6,54
tt0017462,5.7,22
tt0017463,7.6,802
tt0017465,5.6,9
tt0017479,7.7,6
tt0017480,7,582
tt0017483,5.8,532
tt0017492,7.2,38
tt0017498,7.2,27
tt0017502,7.9,7
tt0017505,8.7,6
tt0017506,8,25
tt0017507,4.9,7
tt0017508,6.9,53
tt0017513,8.1,8
tt0017515,6.8,5
tt0017516,7.8,5
tt0017518,7,7
tt0017519,6.7,96
tt0017525,6.2,89
tt0017526,7.6,5
tt0017530,5.3,7
tt0017531,7.2,114
tt0017532,5.8,20
tt0017533,4.2,14
tt0017534,7.8,1565
tt0017537,4.5,77
tt0017539,7.8,13
tt0017540,7.2,313
tt0017541,5.3,9
tt0017545,4.4,9
tt0017554,7.2,6
tt0017557,5.6,10
tt0017558,6.1,10
tt0017560,7.3,82
tt0017567,7.5,559
tt0017575,6.7,34
tt0017578,7.4,46
tt0017584,7,26
tt0017585,7,30
tt0017586,7.5,27
tt0017587,5.9,8
tt0017588,3.8,11
tt0017593,7.1,54
tt0017595,6.6,5
tt0017599,5.4,5
tt0017600,6.4,10
tt0017601,5.3,9
tt0017602,5.9,9
tt0017603,5.5,8
tt0017604,5.5,17
tt0017605,5.7,10
tt0017606,6.1,11
tt0017607,5.3,10
tt0017608,5.3,10
tt0017609,5,133
tt0017610,5.6,11
tt0017611,6.3,9
tt0017612,4.7,58
tt0017613,5.8,9
tt0017614,5.9,10
tt0017615,6.2,8
tt0017616,5.5,8
tt0017618,6.1,146
tt0017619,7.1,325
tt0017621,6.2,238
tt0017623,5.9,43
tt0017626,7,43
tt0017632,7.6,309
tt0017634,5.7,17
tt0017637,6.9,15
tt0017652,6.7,10
tt0017653,7.3,146
tt0017655,4.6,10
tt0017660,5.8,12
tt0017662,7.1,153
tt0017663,8,6
tt0017664,7.4,731
tt0017667,7.5,622
tt0017668,7.7,3188
tt0017673,3.8,13
tt0017676,8.9,9
tt0017682,4.9,13
tt0017685,6.8,6
tt0017687,7.4,5
tt0017692,6.4,12
tt0017698,7.2,13
tt0017701,7.6,7
tt0017703,5.6,16
tt0017706,5.8,48
tt0017726,6.8,87
tt0017727,5.6,5
tt0017729,6.2,415
tt0017731,6.6,17
tt0017735,6.9,212
tt0017736,7,150
tt0017738,6.7,10
tt0017739,7.2,2266
tt0017743,7.1,776
tt0017744,6,539
tt0017748,7,83
tt0017750,7.3,299
tt0017751,6.9,121
tt0017757,6.8,12
tt0017764,5.4,5
tt0017765,7.1,3686
tt0017766,5.5,13
tt0017773,6.2,5
tt0017774,6.3,7
tt0017775,7,1413
tt0017776,7.1,8
tt0017778,6.5,42
tt0017794,6,10
tt0017802,4.9,16
tt0017804,7.4,5
tt0017805,5.4,14
tt0017806,5.6,21
tt0017809,7.4,481
tt0017812,6.7,69
tt0017813,6.9,610
tt0017822,6.5,35
tt0017825,6.2,1639
tt0017828,6,5
tt0017829,7.4,80
tt0017832,7,176
tt0017835,4.7,9
tt0017836,6.7,654
tt0017839,7.6,30
tt0017841,7,49
tt0017843,5.7,2129
tt0017844,7.2,12
tt0017847,6.5,13
tt0017850,8.4,39
tt0017855,6.2,65
tt0017858,7,7
tt0017859,7.8,5
tt0017860,8,594
tt0017865,3.4,27
tt0017866,4,14
tt0017868,6.3,81
tt0017869,6.5,37
tt0017870,6.6,141
tt0017871,6.6,759
tt0017877,6.7,31
tt0017882,6.5,11
tt0017883,5.9,9
tt0017886,6.4,178
tt0017889,6.9,27
tt0017893,6.2,426
tt0017894,6.8,10
tt0017896,6.6,19
tt0017898,5,38
tt0017899,6.4,69
tt0017911,8.5,8
tt0017912,7.5,6
tt0017917,6.6,13
tt0017918,7.3,237
tt0017921,4.4,9
tt0017923,5.4,5
tt0017925,8.2,66080
tt0017926,7,21
tt0017928,6.8,120
tt0017929,6.9,34
tt0017930,7.1,38
tt0017935,7.1,8
tt0017936,6.9,28
tt0017937,5.3,9
tt0017938,7.2,649
tt0017944,5.5,66
tt0017946,6.1,21
tt0017947,7.4,13
tt0017949,6.1,158
tt0017952,6.9,14
tt0017954,6.3,75
tt0017957,7.1,10
tt0017958,5.8,14
tt0017960,5.9,15
tt0017961,7.6,803
tt0017962,5.3,9
tt0017964,6.5,15
tt0017967,7.2,84
tt0017968,5.8,11
tt0017970,6.3,7
tt0017973,4.8,6
tt0017979,5.7,32
tt0017990,6.6,8
tt0017995,6,21
tt0017998,7.3,209
tt0018007,7,10
tt0018008,6,9
tt0018011,6.9,7
tt0018012,6.3,12
tt0018013,6,20
tt0018014,6.8,182
tt0018016,6.8,139
tt0018024,5.3,7
tt0018028,2.5,11
tt0018033,7.4,2495
tt0018037,6.7,7743
tt0018038,5.4,22
tt0018043,5.7,7
tt0018045,6.9,232
tt0018046,5.9,7
tt0018049,7.2,5
tt0018051,7.6,3089
tt0018054,7.4,1593
tt0018060,8,5
tt0018061,5.7,29
tt0018062,6.6,16
tt0018064,7.1,36
tt0018066,7.6,1226
tt0018074,4.3,12
tt0018080,5.6,33
tt0018081,7.1,7
tt0018083,7,722
tt0018087,7.5,546
tt0018089,4.4,5
tt0018097,6.9,1045
tt0018099,5.6,10
tt0018102,6.5,360
tt0018105,6,18
tt0018106,6.6,399
tt0018107,7.4,756
tt0018113,7.9,726
tt0018118,7,25
tt0018119,6.7,208
tt0018124,6.8,16
tt0018127,7.2,6
tt0018129,4.6,17
tt0018137,7.2,6
tt0018138,7.8,336
tt0018143,6.7,11
tt0018150,6.1,182
tt0018153,5.6,9
tt0018159,6,21
tt0018164,5.5,6
tt0018166,6.8,338
tt0018170,7,22
tt0018172,7.7,26
tt0018173,6.5,6
tt0018178,8.1,15
tt0018179,6.6,483
tt0018183,7.6,705
tt0018184,7.1,14
tt0018187,7.3,62
tt0018190,7.4,154
tt0018192,7.6,5965
tt0018194,4.9,9
tt0018196,6.2,5
tt0018197,6.6,34
tt0018199,6.6,68
tt0018203,7.2,26
tt0018204,6.5,34
tt0018207,6.4,48
tt0018208,6.7,63
tt0018210,6.1,19
tt0018211,8.2,18
tt0018212,6.1,137
tt0018213,6,166
tt0018214,6.7,7
tt0018217,7.5,5871
tt0018218,6.4,267
tt0018226,6.6,5
tt0018233,6.9,18
tt0018235,7.1,91
tt0018236,6.3,9
tt0018243,5.8,5
tt0018245,5.7,115
tt0018246,6.6,205
tt0018247,6.8,88
tt0018253,7.8,406
tt0018258,6,9
tt0018260,4.8,6
tt0018262,7.2,11
tt0018264,4,9
tt0018266,8.2,9
tt0018268,6.5,82
tt0018269,6.4,16
tt0018272,6.1,7
tt0018278,5.9,53
tt0018285,5.8,5
tt0018290,5.7,41
tt0018294,6.9,630
tt0018295,6.1,22
tt0018296,5,5
tt0018297,7.8,613
tt0018299,7.1,23
tt0018301,7.3,6
tt0018311,7.8,1199
tt0018312,6.4,16
tt0018313,6.4,7
tt0018318,7.6,5
tt0018319,6.3,37
tt0018324,7.4,5
tt0018328,6.3,2642
tt0018329,5.8,6
tt0018332,9.2,11
tt0018336,7.7,7
tt0018345,6.7,9
tt0018346,3.2,17
tt0018350,7.3,40
tt0018351,7.2,139
tt0018356,6.8,390
tt0018362,6.2,220
tt0018368,6.9,522
tt0018371,7.4,190
tt0018372,6.4,14
tt0018375,5.9,21
tt0018379,7.8,2471
tt0018381,7.2,12
tt0018382,7.6,8
tt0018389,5.9,112
tt0018392,7.2,230
tt0018393,4.6,8
tt0018394,7,40
tt0018396,6.3,56
tt0018397,7,423
tt0018400,6,8
tt0018404,4.6,7
tt0018410,7.2,58
tt0018413,7.8,459
tt0018419,5.4,47
tt0018426,5.9,8
tt0018429,5.8,34
tt0018433,6.6,33
tt0018438,6.7,6
tt0018440,7.7,767
tt0018443,7.2,12
tt0018446,7,81
tt0018451,7.8,1152
tt0018452,6.4,426
tt0018453,6.5,80
tt0018455,8.2,39401
tt0018457,6,30
tt0018460,5.5,11
tt0018464,5.4,104
tt0018465,2.5,85
tt0018470,6,7
tt0018471,7.9,1316
tt0018475,6.4,9
tt0018477,6.6,5
tt0018478,6.1,30
tt0018479,4.2,11
tt0018480,5.8,5
tt0018484,6.7,83
tt0018487,7.7,354
tt0018489,6,14
tt0018500,7.1,146
tt0018501,6.6,17
tt0018503,5.7,15
tt0018505,7.6,832
tt0018507,6.3,30
tt0018508,6.3,48
tt0018509,6.2,245
tt0018512,8,7
tt0018513,7.6,518
tt0018515,6.8,663
tt0018516,5.6,10
tt0018519,6.5,19
tt0018523,6.9,670
tt0018524,6.9,292
tt0018525,2,82
tt0018526,7.7,1966
tt0018528,7.9,5988
tt0018530,6.3,213
tt0018531,6.4,10
tt0018533,6.7,38
tt0018537,7,11
tt0018540,4.4,5
tt0018543,7.3,19
tt0018548,6.8,11
tt0018552,7.2,59
tt0018554,7.6,5
tt0018561,7.6,11
tt0018565,7.8,5
tt0018566,7.1,231
tt0018571,6.7,58
tt0018573,6.2,359
tt0018575,5.7,6
tt0018576,5,5
tt0018578,7.7,9336
tt0018579,3,94
tt0018583,6.4,445
tt0018584,7.9,25
tt0018588,6.8,174
tt0018594,7.2,5
tt0018595,6.2,6
tt0018600,6.4,90
tt0018601,7.1,69
tt0018606,7.4,31
tt0018607,6.7,46
tt0018611,4.6,5
tt0018613,5.8,20
tt0018615,7.1,234
tt0018617,5.1,10
tt0018618,7.2,833
tt0018619,5.8,12
tt0018620,7,7
tt0018621,7.2,21
tt0018622,7,7
tt0018628,6.1,49
tt0018630,5.2,6
tt0018631,4.2,5
tt0018633,8.4,47
tt0018638,8.2,17
tt0018639,5.8,10
tt0018640,7.6,10
tt0018642,5.9,15
tt0018646,8.2,17
tt0018647,6.5,13
tt0018652,5.9,36
tt0018654,5.9,39
tt0018656,6.3,6
tt0018660,6.2,54
tt0018666,6.4,29
tt0018671,5.4,11
tt0018673,7.6,42
tt0018674,7.2,55
tt0018675,6.6,365
tt0018678,6.8,355
tt0018679,6,10
tt0018681,6.2,30
tt0018684,7.8,708
tt0018686,6.6,39
tt0018688,6.9,42
tt0018689,6.1,37
tt0018696,7.4,8
tt0018697,8.6,27
tt0018698,3.8,8
tt0018699,3.4,8
tt0018700,8,7
tt0018710,6.6,31
tt0018712,7,28
tt0018713,6.5,6
tt0018714,5.9,19
tt0018715,6.4,7
tt0018721,6,152
tt0018722,7.5,119
tt0018725,7.6,5
tt0018728,7,356
tt0018729,8.6,16
tt0018733,7.1,34
tt0018737,8,8303
tt0018739,6.5,81
tt0018742,8.3,8628
tt0018743,6,21
tt0018744,5.5,111
tt0018748,5.3,14
tt0018749,8.1,693
tt0018750,6.1,25
tt0018751,7.5,6
tt0018753,7.6,5
tt0018756,5.7,1615
tt0018758,7,6
tt0018761,6.1,67
tt0018770,7.4,2795
tt0018771,8,17
tt0018772,3.4,5
tt0018773,8.1,21273
tt0018791,8.6,38
tt0018792,6.7,16
tt0018795,7.9,577
tt0018804,7.4,7
tt0018806,8,6413
tt0018808,5.4,24
tt0018811,6.9,31
tt0018816,7.2,13
tt0018817,8,14
tt0018818,6.1,10
tt0018821,4.4,7
tt0018825,8.1,20
tt0018826,7,111
tt0018835,6.4,5
tt0018836,7.1,319
tt0018839,7.7,3204
tt0018841,7.4,435
tt0018844,7.2,43
tt0018846,6.7,54
tt0018850,2.2,82
tt0018851,7,29
tt0018854,5.7,44
tt0018856,6.6,5
tt0018859,6,8
tt0018860,6.5,517
tt0018862,7.3,83
tt0018867,6,11
tt0018869,6.3,12
tt0018870,8.6,7
tt0018873,7,1026
tt0018876,6,2067
tt0018879,6.1,128
tt0018881,6.4,30
tt0018882,7.1,112
tt0018885,5.4,30
tt0018888,7.1,8
tt0018890,7.4,859
tt0018891,7.8,35
tt0018892,5.4,16
tt0018893,8.7,6
tt0018896,8.5,12
tt0018903,7,7
tt0018906,8.9,14
tt0018907,7,115
tt0018908,7.2,222
tt0018909,7.1,505
tt0018910,7,274
tt0018913,5.6,125
tt0018914,6.8,5
tt0018920,5.7,62
tt0018925,6.7,597
tt0018927,7,296
tt0018930,7.2,6
tt0018935,6.8,204
tt0018936,7.2,9
tt0018937,6.8,525
tt0018945,6.4,23
tt0018958,7.3,7
tt0018966,8,6
tt0018967,5.5,6
tt0018970,6.9,553
tt0018971,6.1,17
tt0018972,6.6,337
tt0018974,5.9,7
tt0018975,7.7,7
tt0018976,8.6,7
tt0018987,5.7,13
tt0018990,7.1,122
tt0018993,7.8,34
tt0018996,6.2,90
tt0018998,6.4,15
tt0019005,5.7,43
tt0019010,6.3,6
tt0019013,5.9,10
tt0019014,4,17
tt0019022,5.9,7
tt0019023,5.4,5
tt0019026,6.8,20
tt0019033,6.3,21
tt0019035,7,67
tt0019043,7.2,246
tt0019045,6.4,16
tt0019049,7.7,6
tt0019050,7.3,19
tt0019051,6.5,15
tt0019056,7.4,8
tt0019057,6.3,22
tt0019060,7,27
tt0019061,6.7,43
tt0019062,8.6,16
tt0019064,7.2,23
tt0019067,7,333
tt0019071,8,2701
tt0019074,7.7,1533
tt0019077,1.9,81
tt0019079,6.9,709
tt0019080,6,29
tt0019085,6.8,15
tt0019096,7.2,617
tt0019098,8,576
tt0019102,7.7,6
tt0019103,8.2,5
tt0019109,8,1653
tt0019110,7.2,10
tt0019117,5.8,29
tt0019127,6.9,148
tt0019130,7.8,4347
tt0019131,6,5
tt0019132,5.6,10
tt0019136,7.9,16
tt0019141,7.2,5
tt0019144,5.5,6
tt0019146,8.6,5
tt0019150,7.5,22
tt0019151,7.1,420
tt0019152,6.9,288
tt0019154,6.9,7
tt0019155,7,14
tt0019159,6.7,27
tt0019163,6.3,17
tt0019165,6.1,11
tt0019172,7.1,7
tt0019175,7.7,9
tt0019179,5.1,7
tt0019182,5.3,102
tt0019184,8.8,5
tt0019186,6.7,95
tt0019193,7.3,9
tt0019194,7.5,6
tt0019195,7.3,1009
tt0019200,4.2,55
tt0019203,3.2,13
tt0019205,6.2,5
tt0019209,5.7,14
tt0019211,6.1,38
tt0019217,7.2,33
tt0019219,6.2,13
tt0019220,5.6,19
tt0019221,6.6,18
tt0019225,7,201
tt0019226,7,15
tt0019227,6.4,183
tt0019228,8.2,6
tt0019229,6.6,10
tt0019231,5.6,7
tt0019237,7.3,1285
tt0019241,5.9,124
tt0019242,6.9,14
tt0019245,6.8,12
tt0019248,6.7,24
tt0019249,6.6,11
tt0019250,6.3,30
tt0019252,2.8,18
tt0019253,7,237
tt0019254,8.2,36234
tt0019258,8.1,2058
tt0019260,8.6,8
tt0019264,5.4,5
tt0019265,6.2,5
tt0019267,7.4,975
tt0019269,6.4,5
tt0019270,5.4,5
tt0019278,7.3,1372
tt0019283,5.7,28
tt0019286,7.3,1458
tt0019288,6.1,15
tt0019290,6.6,150
tt0019298,7.1,10
tt0019304,7,821
tt0019305,7,40
tt0019308,6.9,10
tt0019312,7,75
tt0019313,6.6,40
tt0019325,6,131
tt0019328,5.8,140
tt0019332,7.3,27
tt0019335,2.8,88
tt0019337,5.9,107
tt0019339,8.1,17
tt0019344,7.9,2253
tt0019345,4.4,18
tt0019348,6.4,15
tt0019355,4.9,20
tt0019358,8.2,5
tt0019361,6.5,22
tt0019367,5.6,236
tt0019369,6.6,11
tt0019370,6.6,14
tt0019372,6.4,44
tt0019374,7.2,38
tt0019375,6.8,32
tt0019376,6.9,511
tt0019377,6,14
tt0019378,6.3,22
tt0019379,8.2,3054
tt0019380,6.9,13
tt0019381,7.1,37
tt0019385,6.9,19
tt0019388,6.3,182
tt0019391,7.9,9
tt0019395,5.2,6
tt0019397,5.7,142
tt0019398,6.7,29
tt0019399,5.6,16
tt0019400,8,924
tt0019401,5.3,38
tt0019403,7.8,472
tt0019404,5,13
tt0019412,7.7,2559
tt0019414,7.5,20
tt0019415,7.7,2556
tt0019419,6.4,23
tt0019421,8,10813
tt0019422,7.7,5586
tt0019429,7.5,1748
tt0019431,7.3,12
tt0019434,7.5,186
tt0019437,5.6,37
tt0019441,6.8,26
tt0019445,5.9,125
tt0019447,5.9,16
tt0019451,7,277
tt0019453,5.6,16
tt0019456,7.6,21
tt0019459,6.9,8
tt0019462,7.2,208
tt0019463,8.1,9
tt0019465,6.8,519
tt0019466,7.1,313
tt0019469,5.9,35
tt0019471,5.3,19
tt0019473,5.6,9
tt0019474,5.3,13
tt0019476,6.4,8
tt0019478,7.1,15
tt0019480,6.4,181
tt0019485,6.1,15
tt0019486,6.4,40
tt0019489,7.1,280
tt0019491,7.3,54
tt0019496,4.4,8
tt0019498,6.5,197
tt0019501,6.9,11
tt0019504,7.4,1081
tt0019507,8.2,13
tt0019509,7.4,316
tt0019511,6.8,28
tt0019514,7.1,59
tt0019515,7.3,6
tt0019516,5.4,12
tt0019521,7.8,8
tt0019526,7.2,5
tt0019527,5.7,7
tt0019532,6.8,285
tt0019538,6.6,25
tt0019543,6.4,29
tt0019544,7,28
tt0019546,6.6,11
tt0019547,6,18
tt0019548,7.4,7
tt0019552,7,21
tt0019553,6.6,101
tt0019554,7,44
tt0019556,7.1,704
tt0019557,6.6,310
tt0019558,7.6,1285
tt0019563,7.3,1303
tt0019567,7,14
tt0019571,6.7,125
tt0019574,7.1,624
tt0019575,6,9
tt0019585,8.3,5244
tt0019587,6.4,9
tt0019589,7.5,55
tt0019591,7.7,1161
tt0019596,5.5,24
tt0019599,6,10
tt0019600,6.8,58
tt0019603,7.9,14
tt0019607,6.8,842
tt0019608,5.8,8
tt0019609,7.3,98
tt0019610,7.5,13
tt0019611,7.3,677
tt0019612,7.4,5
tt0019616,7,330
tt0019620,5.1,9
tt0019623,7.1,10
tt0019624,7.4,10
tt0019625,7.3,9
tt0019629,7.1,160
tt0019630,6,524
tt0019634,6.7,6
tt0019639,7,5
tt0019640,7,617
tt0019644,7.3,1130
tt0019646,7.9,704
tt0019649,7.4,1420
tt0019651,6.1,41
tt0019655,7.6,1098
tt0019657,6.4,31
tt0019658,5.5,131
tt0019664,6.9,7
tt0019666,7.1,8
tt0019668,5,5
tt0019670,7.1,485
tt0019674,4,22
tt0019677,6.2,245
tt0019679,6,20
tt0019680,6.3,15
tt0019682,6.6,44
tt0019684,4.9,321
tt0019685,5.9,10
tt0019686,7.1,904
tt0019687,5.6,17
tt0019688,7.8,2364
tt0019690,5.6,145
tt0019692,8.2,8
tt0019693,8.1,12
tt0019696,6.8,8
tt0019699,6.1,209
tt0019701,6.4,317
tt0019702,7,8033
tt0019704,6.3,49
tt0019706,5.9,14
tt0019708,7.7,17
tt0019711,6.6,15
tt0019714,5.7,344
tt0019715,7.3,150
tt0019716,7,131
tt0019717,7,8
tt0019722,6.9,36
tt0019723,7.3,133
tt0019724,7.1,14
tt0019725,7,292
tt0019726,6.6,98
tt0019729,6.2,5276
tt0019730,5.3,6
tt0019732,6,5
tt0019734,6.6,29
tt0019735,6.5,677
tt0019743,5.2,5
tt0019745,6.2,408
tt0019746,7,141
tt0019754,6.6,18
tt0019757,7.2,18
tt0019758,6.2,39
tt0019760,8.4,18274
tt0019765,6.5,53
tt0019766,7.1,28
tt0019767,5.7,6
tt0019774,7.5,13
tt0019775,5,5
tt0019776,6,41
tt0019777,7.2,6094
tt0019778,4.3,7
tt0019779,6,5
tt0019781,5.1,7
tt0019785,6.4,287
tt0019788,7.1,1799
tt0019791,8.4,5
tt0019796,6.5,293
tt0019797,5.2,76
tt0019798,7.5,211
tt0019800,6.2,93
tt0019801,5.7,20
tt0019802,6.4,75
tt0019804,5.3,6
tt0019805,6.3,6
tt0019806,6.8,21
tt0019810,5.3,38
tt0019811,8.1,1015
tt0019813,7.1,54
tt0019815,6.7,97
tt0019817,6.6,5
tt0019823,6.4,851
tt0019824,6.3,545
tt0019825,6.2,5
tt0019831,6.9,34
tt0019832,7.1,832
tt0019833,6.6,24
tt0019834,7.1,7
tt0019838,6.7,251
tt0019839,2.2,82
tt0019840,7.3,6
tt0019841,5.4,5
tt0019842,6.8,20
tt0019843,7.2,327
tt0019849,7.2,27
tt0019850,7.4,408
tt0019852,7.1,373
tt0019856,7.1,117
tt0019859,7.2,12
tt0019864,7,6
tt0019871,7.5,6
tt0019881,6,136
tt0019884,6.1,204
tt0019886,6.8,218
tt0019887,6.1,29
tt0019889,6.4,93
tt0019895,4.8,28
tt0019896,6.8,6
tt0019897,6.4,8
tt0019900,5.9,28
tt0019901,7.4,2287
tt0019907,6.6,5
tt0019908,7.8,5
tt0019909,7.2,102
tt0019917,4.7,13
tt0019918,6.7,20
tt0019920,7.3,43
tt0019923,5.3,7
tt0019924,6.4,5
tt0019929,6.5,108
tt0019931,7.6,37
tt0019932,4.6,12
tt0019933,6.9,549
tt0019935,7.3,579
tt0019936,6.9,118
tt0019938,7.2,17
tt0019939,6.4,50
tt0019943,7,25
tt0019945,5.4,102
tt0019946,6.2,578
tt0019947,8,5
tt0019949,6.7,208
tt0019952,6.9,26
tt0019957,5.8,98
tt0019958,7.2,26
tt0019959,6.9,1301
tt0019965,5.7,23
tt0019967,6.7,10
tt0019968,7.2,605
tt0019971,5.8,11
tt0019972,5.5,13
tt0019975,7,371
tt0019976,7.1,397
tt0019979,5.4,95
tt0019983,5.2,230
tt0019986,6.9,8
tt0019987,5.8,14
tt0019988,8.7,36
tt0019992,6.1,98
tt0019993,7.4,1601
tt0019996,6.3,39
tt0019997,6.3,6
tt0019999,7.3,794
tt0020004,6.8,223
tt0020005,4.8,13
tt0020006,7.2,5
tt0020007,4.9,19
tt0020008,7.2,5
tt0020009,5.9,10
tt0020010,5.2,6
tt0020011,6.5,91
tt0020014,6.2,73
tt0020015,7.3,6
tt0020016,7.9,17
tt0020018,5.7,723
tt0020025,7.1,121
tt0020026,7.4,20
tt0020030,7.6,991
tt0020034,7.4,170
tt0020041,5.9,257
tt0020042,6,74
tt0020044,7.7,67
tt0020049,6.2,217
tt0020052,6.7,25
tt0020053,6.6,498
tt0020056,6.2,16
tt0020059,5.5,20
tt0020062,7,774
tt0020063,3.5,6
tt0020068,5.9,9
tt0020070,6.9,7
tt0020072,6.7,46
tt0020073,6.7,15
tt0020074,7.2,58
tt0020075,7.3,184
tt0020078,6.8,248
tt0020079,6.2,6
tt0020080,7.5,320
tt0020081,6,290
tt0020082,7.1,28
tt0020086,6.8,96
tt0020088,6.7,30
tt0020092,6.8,481
tt0020094,7.7,1220
tt0020099,7.2,32
tt0020103,6.1,378
tt0020107,6.8,6
tt0020108,5.8,12
tt0020109,5.8,74
tt0020112,7.2,1613
tt0020114,6.7,154
tt0020117,5.8,6
tt0020121,7.4,66
tt0020122,8,936
tt0020124,6.8,31
tt0020126,5.9,314
tt0020128,4.5,11
tt0020134,7,32
tt0020135,5.8,37
tt0020136,7.5,15
tt0020138,7.9,9
tt0020140,7.2,24
tt0020142,6.3,2128
tt0020143,8.1,1013
tt0020144,7.8,296
tt0020146,6.3,47
tt0020152,6.4,77
tt0020158,6.9,161
tt0020159,8.4,11
tt0020161,7.4,861
tt0020163,7.5,2220
tt0020164,5.6,206
tt0020165,7.4,56
tt0020166,5.8,125
tt0020167,6.4,330
tt0020168,6,322
tt0020175,7,12
tt0020177,6.6,38
tt0020179,6.9,72
tt0020180,7.1,15
tt0020182,7.2,91
tt0020187,4.8,6
tt0020189,4.7,29
tt0020190,7.1,7
tt0020193,7.4,183
tt0020197,7,155
tt0020198,6.1,441
tt0020202,6.7,12
tt0020203,6.4,10
tt0020205,6.3,22
tt0020206,4.5,11
tt0020209,7.5,11
tt0020210,7.7,513
tt0020211,6,20
tt0020213,5.8,5
tt0020214,3.4,10
tt0020217,6.3,115
tt0020218,6,64
tt0020219,5.3,60
tt0020220,7.9,7
tt0020223,6.6,545
tt0020227,6.6,41
tt0020228,6.9,125
tt0020230,7.6,569
tt0020232,7.4,184
tt0020234,5.7,28
tt0020237,4.3,36
tt0020238,6.2,175
tt0020239,6.4,16
tt0020241,5,6
tt0020246,6.3,263
tt0020247,5.7,515
tt0020248,5,25
tt0020253,7,262
tt0020255,6,28
tt0020258,6.8,67
tt0020263,7.1,11
tt0020264,7.2,1091
tt0020267,5.4,69
tt0020269,7.3,1089
tt0020276,6,243
tt0020278,6.6,74
tt0020281,5.9,14
tt0020285,4,16
tt0020286,6.7,527
tt0020291,6.3,6
tt0020293,6.9,159
tt0020297,7,5
tt0020298,7.8,2862
tt0020305,5.6,302
tt0020306,6.4,10
tt0020307,6.9,82
tt0020312,6.2,5
tt0020320,7,125
tt0020321,7.3,1251
tt0020323,7.1,7
tt0020324,4.5,22
tt0020325,6.5,20
tt0020332,7.7,559
tt0020334,5.1,19
tt0020335,7.4,440
tt0020336,6.5,184
tt0020337,7.3,7
tt0020341,7.5,38
tt0020342,6.6,40
tt0020344,7,81
tt0020345,7.2,5
tt0020349,6.5,19
tt0020352,6.6,5
tt0020353,6.6,76
tt0020354,6.9,8
tt0020356,5.9,12
tt0020357,6.8,15
tt0020358,6.3,241
tt0020359,5.3,136
tt0020364,6.3,151
tt0020366,5.4,65
tt0020370,8,5
tt0020371,6.4,76
tt0020387,8,22
tt0020388,6.2,158
tt0020389,7,67
tt0020392,6.6,89
